City,State,Crime Count,Latitude,Longitude
Abbeville,South Carolina,59,34.1787,-82.3774
Adair,Iowa,2,41.5004,-94.6434
Adair,Oklahoma,56,36.4366,-95.2727
Adams,Nebraska,18,40.4571,-96.5127
Adams,North Dakota,2,48.4202,-98.0737
Adams,Wisconsin,15,43.9554,-89.8169
Aiken,South Carolina,382,33.531,-81.7268
Aitkin,Minnesota,14,46.5289,-93.7067
Alachua,Florida,342,29.7778,-82.4831
Alamance,North Carolina,276,36.0285,-79.4891
Alameda,California,5551,37.767,-122.2672
Alamosa,Colorado,24,37.4751,-105.8769
Albany,New York,327,42.6664,-73.7987
Albany,Wyoming,27,41.1868,-106.1255
Alexandria,Virginia,196,38.8185,-77.0861
Allegan,Michigan,60,42.5299,-85.8462
Allen,Kansas,8,38.6552,-96.1696
Allen,Kentucky,10,37.6119,-82.7292
Allendale,South Carolina,55,33.008,-81.3092
Alpena,Michigan,19,45.074,-83.4399
Alpine,California,6,32.8439,-116.7585
Amherst,Virginia,52,37.5816,-79.0509
Anchorage,Alaska,676,61.1508,-149.1091
Anderson,South Carolina,521,34.5211,-82.6479
Anderson,Texas,138,30.4871,-95.9899
Andrews,Texas,24,32.3208,-102.552
Anoka,Minnesota,113,45.2099,-93.3893
Appling,Georgia,22,33.5588,-82.3183
Appomattox,Virginia,25,37.3591,-78.8269
Arlington,Virginia,180,38.8786,-77.1011
Ashland,Ohio,25,40.8668,-82.3156
Ashland,Wisconsin,11,46.5801,-90.8715
Ashtabula,Ohio,69,41.8806,-80.7984
Asotin,Washington,17,46.3366,-117.0414
Atchison,Kansas,16,39.5625,-95.1367
Athens,Ohio,22,39.3269,-82.0988
Atoka,Oklahoma,31,34.3857,-96.1313
Austin,Texas,43,30.3004,-97.7522
Bailey,Texas,17,33.4335,-96.1649
Baldwin,Georgia,83,34.4864,-83.5494
Baltimore,Maryland,1113,39.3051,-76.6144
Bamberg,South Carolina,65,33.2995,-81.0323
Bandera,Texas,25,29.7253,-99.074
Baraga,Michigan,3,46.7766,-88.4965
Barnstable,Massachusetts,107,41.6722,-70.3599
Barnwell,South Carolina,71,33.2419,-81.3659
Barron,Wisconsin,23,45.4015,-91.8476
Bartow,Georgia,72,32.8816,-82.4712
Bastrop,Texas,112,30.1118,-97.3257
Bayfield,Wisconsin,12,46.8141,-90.8226
Beaufort,North Carolina,120,34.7308,-76.6487
Beaufort,South Carolina,221,32.4597,-80.7235
Beaver,Oklahoma,5,36.8151,-100.5235
Beaver,Pennsylvania,169,40.6936,-80.3074
Beaver,Utah,9,38.2759,-112.6383
Becker,Minnesota,17,45.3815,-93.8737
Bedford,Virginia,70,37.336,-79.5179
Belmont,Ohio,35,40.0279,-81.041
Beltrami,Minnesota,32,47.5425,-96.527
Benton,Arkansas,106,34.5775,-92.5712
Benton,Iowa,11,40.7041,-94.3612
Benton,Missouri,21,37.099,-89.5624
Benton,Tennessee,15,35.1749,-84.6516
Bernalillo,New Mexico,1888,35.3127,-106.5537
Bethel,Alaska,23,60.7928,-161.7917
Bienville,Louisiana,23,32.3618,-92.9788
Big Horn,Wyoming,12,44.6791,-106.9971
Blanco,Texas,15,30.0987,-98.4169
Bland,Virginia,12,37.1,-81.1161
Blue Earth,Minnesota,26,43.6404,-94.1004
Boise,Idaho,19,43.6007,-116.2312
Boone,Iowa,9,42.053,-93.877
Bottineau,North Dakota,4,48.8248,-100.4425
Boulder,Colorado,163,40.0249,-105.2523
Bowie,Texas,258,33.5566,-97.844
Bowman,North Dakota,1,46.184,-103.3991
Bradford,Pennsylvania,53,41.9604,-78.6414
Bradley,Arkansas,36,33.0993,-93.6569
Brazoria,Texas,387,29.0455,-95.5673
Bristol,Virginia,31,36.618,-82.1606
Bronx,New York,1,40.8501,-73.8662
Brookings,South Dakota,4,44.3022,-96.7859
Brooks,Georgia,28,33.2925,-84.4588
Broomfield,Colorado,12,39.9541,-105.0527
Brunswick,North Carolina,128,34.2879,-78.7084
Buchanan,Virginia,79,37.5211,-79.6894
Buena Vista,Virginia,7,37.7319,-79.3569
Burleson,Texas,44,32.517,-97.3343
Burnet,Texas,37,30.7496,-98.2383
Burnett,Wisconsin,10,43.5065,-88.7084
Butler,Alabama,60,32.0965,-88.2108
Butler,Kentucky,3,38.7877,-84.372
Butler,Missouri,62,38.2598,-94.3393
Butler,Ohio,349,40.5896,-82.4211
Butler,Pennsylvania,83,40.8616,-79.8962
Cache,Utah,22,41.8308,-112.0052
Caddo,Oklahoma,77,34.1288,-96.2678
Caldwell,Texas,35,30.5307,-96.7007
Calhoun,Georgia,22,34.4918,-84.9391
Calhoun,Illinois,1,38.6511,-88.044
Camden,Missouri,35,39.2001,-94.0196
Camden,New Jersey,1619,39.9362,-75.1073
Camden,North Carolina,10,36.325,-76.17
Cameron,Louisiana,3,29.787,-93.2925
Cameron,Texas,641,30.8608,-96.9762
Canadian,Oklahoma,87,35.1741,-95.6496
Cape Girardeau,Missouri,72,37.3108,-89.5597
Cape May,New Jersey,90,38.9409,-74.9042
Carlisle,Kentucky,1,38.3162,-84.0333
Carlton,Minnesota,17,46.6635,-92.407
Carroll,Iowa,2,42.0699,-94.8647
Carroll,Ohio,1,39.8027,-82.7063
Carter,Oklahoma,132,35.2175,-99.5038
Carver,Minnesota,27,44.76,-93.6305
Cascade,Montana,67,47.277,-111.7025
Catahoula,Louisiana,15,30.2125,-91.7127
Catawba,North Carolina,323,35.7066,-81.0659
Cattaraugus,New York,43,42.33,-78.8671
Cavalier,North Dakota,3,48.7939,-97.6226
Cayuga,New York,44,42.9191,-76.7265
Champaign,Illinois,86,40.1144,-88.2735
Charles City,Virginia,13,37.3441,-77.0687
Charleston,South Carolina,1122,32.8153,-79.9628
Charlevoix,Michigan,9,45.3138,-85.2557
Charlottesville,Virginia,112,38.0375,-78.4855
Chase,Kansas,1,38.3553,-98.3489
Chautauqua,Kansas,4,37.0241,-96.1776
Cheboygan,Michigan,12,45.6415,-84.4685
Chelan,Washington,91,47.8414,-120.0263
Cherokee,Alabama,12,34.7577,-87.967
Cherokee,Iowa,1,42.7501,-95.5528
Cherokee,Kansas,23,37.3451,-94.8215
Cherokee,North Carolina,47,35.486,-83.3011
Cherokee,Oklahoma,73,36.7547,-98.3551
Chesapeake,Virginia,365,36.6778,-76.3024
Chester,Pennsylvania,294,39.8456,-75.3718
Chester,South Carolina,118,34.705,-81.2132
Chesterfield,South Carolina,159,34.733,-80.078
Childress,Texas,8,34.4293,-100.2516
Choctaw,Oklahoma,73,35.48,-97.2666
Claiborne,Louisiana,44,32.5379,-92.1981
Clare,Michigan,33,43.8258,-84.763
Clarion,Pennsylvania,37,41.2106,-79.3803
Clay,Alabama,8,33.6976,-86.607
Clay,Kentucky,85,37.4763,-87.8203
Clay,West Virginia,23,38.4661,-81.0816
Clayton,Georgia,588,34.8775,-83.4027
Clayton,Iowa,3,42.9033,-91.1505
Clearfield,Pennsylvania,57,41.0216,-78.439
Clearwater,Minnesota,6,45.4102,-94.0446
Cleveland,North Carolina,256,35.7327,-80.6814
Cleveland,Oklahoma,176,36.3002,-96.4631
Clifton Forge,Virginia,3,37.8232,-79.825
Clinton,Illinois,5,40.1468,-88.9633
Clinton,Indiana,7,39.6608,-87.4045
Clinton,Iowa,29,41.8434,-90.2408
Clinton,Kentucky,8,36.6662,-88.9939
Clinton,Michigan,36,42.0699,-83.9687
Clinton,Missouri,12,38.3716,-93.7679
Clinton,New York,55,43.0488,-75.3785
Clinton,Ohio,17,40.9284,-81.6304
Clinton,Pennsylvania,39,40.4926,-80.296
Coahoma,Mississippi,116,34.3664,-90.522
Coleman,Texas,15,31.8317,-99.4223
Colonial Heights,Virginia,21,37.265,-77.3969
Colquitt,Georgia,138,31.1741,-84.7319
Columbia,Pennsylvania,41,40.0348,-76.4944
Columbiana,Ohio,34,40.8871,-80.675
Columbus,North Carolina,218,35.266,-82.1985
Colusa,California,35,39.2059,-122.0125
Comanche,Oklahoma,299,34.3597,-97.9478
Comanche,Texas,18,31.9005,-98.6044
Conejos,Colorado,12,37.0872,-106.0161
Conway,Arkansas,49,35.0754,-92.4694
Cook,Minnesota,3,47.8414,-92.6888
Cortland,New York,15,42.6004,-76.1784
Coshocton,Ohio,21,40.2618,-81.848
Cottonwood,Minnesota,5,44.6106,-95.672
Covington,Virginia,19,37.7785,-79.9868
Crane,Texas,5,31.3919,-102.3503
Crawford,Georgia,7,33.883,-83.1552
Crittenden,Kentucky,4,38.7754,-84.6137
Crockett,Texas,11,31.3177,-95.4564
Crosby,Texas,17,29.9146,-95.0591
Crowley,Colorado,4,38.1935,-103.8598
Cullman,Alabama,51,34.1777,-86.8407
Culpeper,Virginia,41,38.4705,-78.0001
Cumberland,Kentucky,9,36.9824,-82.9919
Cumberland,Virginia,27,37.4914,-78.2577
Custer,Montana,12,46.1293,-107.5552
Custer,South Dakota,3,43.7668,-103.6005
Dakota,Minnesota,94,43.9106,-91.3605
Dallas,Texas,11148,32.7936,-96.7662
Dane,Wisconsin,253,43.2499,-89.4996
Danville,Virginia,206,36.5831,-79.4087
Darlington,South Carolina,253,34.3015,-79.867
Dauphin,Pennsylvania,546,40.3684,-76.9296
Davidson,North Carolina,217,35.4846,-80.8252
Dawson,Georgia,19,31.7721,-84.4437
Dawson,Nebraska,24,40.1304,-95.8296
Dawson,Texas,29,31.8941,-96.7151
De Kalb,Missouri,2,39.5883,-94.9236
De Witt,Illinois,4,40.1848,-88.7853
DeKalb,Illinois,13,41.9313,-88.7482
Decatur,Georgia,71,33.7711,-84.2968
Decatur,Indiana,30,40.8286,-84.9282
Decatur,Tennessee,10,35.5291,-84.7933
Deer Lodge,Montana,12,46.3974,-112.7337
Defiance,Ohio,15,41.281,-84.3661
Delaware,Iowa,2,42.4713,-91.339
Delaware,Ohio,46,40.2866,-83.0747
Delaware,Oklahoma,60,36.7789,-95.6426
Delta,Colorado,24,38.756,-108.0772
Denton,Texas,290,33.2176,-97.1419
Denver,Colorado,2365,39.7621,-104.8759
Des Moines,Iowa,33,41.5725,-93.6105
Dewey,Oklahoma,5,36.7915,-95.9328
Dickens,Texas,6,33.6213,-100.8368
Dickey,North Dakota,2,46.5368,-98.4681
Dickson,Tennessee,42,36.064,-87.3668
Dillingham,Alaska,11,59.055,-158.5379
Dillon,South Carolina,177,34.4233,-79.3689
Dodge,Nebraska,12,41.7218,-96.8804
Dodge,Wisconsin,28,44.1345,-91.5485
Douglas,Georgia,133,31.5065,-82.8543
Douglas,Nebraska,596,40.5932,-96.3882
Dubois,Indiana,16,38.4458,-86.7978
Dubuque,Iowa,25,42.5008,-90.7067
Duchesne,Utah,16,40.1753,-110.394
Durham,North Carolina,904,35.9794,-78.9031
Dyer,Tennessee,63,36.071,-88.9921
Eagle,Colorado,20,39.6368,-106.8123
Eastland,Texas,25,32.4024,-98.8176
Eau Claire,Wisconsin,42,44.8199,-91.4949
Ector,Texas,424,33.5793,-96.2731
Edgefield,South Carolina,68,33.7871,-81.9292
Effingham,Illinois,3,39.1207,-88.5508
El Paso,Texas,1161,31.8479,-106.4309
Elbert,Colorado,5,39.2189,-104.5403
Elkhart,Indiana,230,41.6916,-85.9628
Elko,Nevada,76,40.8387,-115.7674
Ellis,Kansas,11,38.9346,-99.5568
Ellsworth,Kansas,4,38.7326,-98.2286
Elmore,Alabama,116,32.5552,-86.3425
Emery,Utah,10,38.9251,-111.2523
Emporia,Virginia,27,36.6953,-77.5356
Erie,Pennsylvania,273,42.1168,-80.0733
Eureka,Nevada,2,39.5113,-115.9668
Evans,Georgia,8,33.5619,-82.1351
Fairfax,Virginia,547,38.8531,-77.2998
Fairfield,Ohio,34,39.3301,-84.5409
Fallon,Montana,1,46.8373,-105.127
Falls Church,Virginia,12,38.8847,-77.1751
Faribault,Minnesota,6,44.2985,-93.2786
Fayette,Alabama,18,33.6943,-87.8307
Fayette,Iowa,2,42.8415,-91.8036
Fayette,Ohio,18,41.6727,-84.3284
Florence,South Carolina,407,34.1781,-79.7877
Florence,Wisconsin,3,45.925,-88.2525
Floyd,Iowa,6,43.1282,-92.7402
Floyd,Virginia,20,36.9118,-80.3184
Fond du Lac,Wisconsin,38,43.7718,-88.4396
Ford,Kansas,54,37.6366,-99.7538
Forsyth,Georgia,58,33.0347,-83.9381
Franklin,Alabama,33,32.4514,-85.7864
Franklin,Arkansas,16,36.1727,-91.7697
Franklin,Georgia,37,33.2797,-85.0985
Franklin,Idaho,6,42.0124,-111.8036
Franklin,Illinois,18,39.6205,-90.0477
Franklin,Indiana,21,39.4938,-86.0546
Franklin,Iowa,6,40.6668,-91.5119
Franklin,Kansas,17,37.523,-94.6994
Franklin,Kentucky,406,36.7178,-86.5595
Franklin,Louisiana,38,29.7851,-91.5098
Franklin,Massachusetts,28,42.0862,-71.4113
Franklin,Missouri,96,39.0112,-92.755
Franklin,Nebraska,2,40.0966,-98.9514
Franklin,New York,35,42.3416,-75.1659
Franklin,North Carolina,124,35.1798,-83.3808
Franklin,Ohio,3456,39.5538,-84.295
Franklin,Pennsylvania,112,41.3936,-79.8425
Franklin,Pennsylvania,112,40.3417,-78.8846
Franklin,Tennessee,33,35.9216,-86.8525
Franklin,Texas,17,31.0251,-96.4874
Franklin,Virginia,91,36.6831,-76.9386
Frederick,Maryland,147,39.4336,-77.4141
Fredericksburg,Virginia,48,38.2992,-77.4872
Freeborn,Minnesota,11,43.7659,-93.5645
Fremont,Iowa,4,41.2126,-92.4342
Fresno,California,2844,36.7831,-119.7941
Fulton,Arkansas,19,33.6126,-93.8137
Fulton,Illinois,6,41.865,-90.1593
Fulton,Indiana,9,40.9467,-86.2641
Fulton,Kentucky,15,36.5145,-88.8819
Fulton,New York,23,43.3171,-76.4162
Fulton,Ohio,25,40.4629,-82.828
Galax,Virginia,21,36.6661,-80.9176
Galveston,Texas,797,29.2487,-94.891
Garfield,Washington,1,47.0103,-117.1395
Garland,Arkansas,247,33.3609,-93.7142
Garvin,Oklahoma,56,33.9559,-94.9348
Gasconade,Missouri,3,38.6702,-91.5599
Gaston,North Carolina,510,36.4965,-77.6449
Geneva,Alabama,48,31.0437,-85.8763
Gentry,Missouri,1,40.3326,-94.4233
Georgetown,South Carolina,125,33.3595,-79.2958
Gibson,Tennessee,83,35.8743,-88.8439
Gladwin,Michigan,16,43.9837,-84.4876
Golden Valley,North Dakota,1,47.2901,-102.0652
Goliad,Texas,10,28.6708,-97.3916
Gonzales,Texas,66,29.5126,-97.4472
Goochland,Virginia,35,37.6973,-77.8944
Goodhue,Minnesota,18,44.4007,-92.6255
Gooding,Idaho,12,42.9373,-114.7134
Gordon,Georgia,52,32.8866,-83.3349
Graham,North Carolina,6,36.0596,-79.3892
Grand Forks,North Dakota,31,47.9218,-97.0886
Grant,Minnesota,2,45.0825,-92.909
Grant,Oklahoma,4,33.9387,-95.5156
Grayson,Kentucky,20,38.3317,-82.9371
Greeley,Kansas,1,38.3676,-95.1271
Green Lake,Wisconsin,9,43.8441,-88.956
Greenup,Kentucky,21,38.5728,-82.8303
Greenville,South Carolina,1014,34.8353,-82.3647
Greenwood,South Carolina,172,34.1945,-82.1542
Grenada,Mississippi,84,33.7816,-89.813
Gunnison,Colorado,7,38.5455,-106.9225
Haines,Alaska,1,59.2417,-135.4549
Halifax,North Carolina,250,36.3255,-77.5901
Halifax,Virginia,121,36.7612,-78.9279
Hamilton,Indiana,48,41.541,-84.9204
Hamilton,Iowa,9,41.1702,-92.9041
Hamilton,Kansas,4,37.9806,-96.1639
Hamilton,Ohio,2101,39.3938,-84.5653
Hamilton,Texas,22,31.6997,-98.1208
Hampton,South Carolina,49,32.8676,-81.1092
Hampton,Virginia,389,37.0551,-76.363
Hancock,Iowa,7,41.3924,-95.3636
Hanover,Virginia,93,37.7668,-77.3706
Haralson,Georgia,30,33.2285,-84.569
Hardin,Illinois,3,39.1591,-90.6248
Hardin,Kentucky,108,36.7652,-88.3023
Hardin,Texas,63,30.1493,-94.7377
Harlan,Kentucky,90,36.8432,-83.3184
Harper,Kansas,3,37.285,-98.0277
Harrison,Ohio,13,39.2582,-84.7868
Harrisonburg,Virginia,38,38.4361,-78.8735
Hartford,Connecticut,1444,41.7661,-72.6834
Hartley,Texas,3,35.8914,-102.3934
Haskell,Oklahoma,23,35.8187,-95.6805
Haskell,Texas,10,33.1597,-99.732
Hays,Texas,116,30.1215,-97.8724
Hemphill,Texas,8,31.3431,-93.8512
Henderson,Illinois,1,41.0238,-90.3535
Henderson,Kentucky,49,37.8397,-87.5798
Henderson,North Carolina,132,36.3259,-78.4155
Henderson,Tennessee,41,35.4446,-88.6531
Henderson,Texas,173,32.1576,-94.796
Henry,Illinois,2,41.1172,-89.3569
Henry,Tennessee,41,36.2001,-88.4111
Hernando,Florida,172,28.9451,-82.3781
Hertford,North Carolina,73,36.1813,-76.4673
Hettinger,North Dakota,1,46.0034,-102.635
Hickman,Kentucky,9,36.565,-89.1837
Hidalgo,Texas,1157,26.109,-98.2463
Highland,Ohio,15,39.3439,-83.6001
Hillsdale,Michigan,35,41.9266,-84.6356
Holt,Missouri,3,39.4553,-94.3371
Honolulu,Hawaii,976,21.3294,-157.846
Hood River,Oregon,17,45.7092,-121.5258
Hopewell,Virginia,77,37.2915,-77.2985
Houghton,Michigan,17,47.1119,-88.5672
Houston,Minnesota,7,43.7582,-91.5707
Houston,Texas,74,29.7863,-95.3889
Humboldt,Iowa,1,42.7232,-94.2245
Huntingdon,Pennsylvania,47,40.5,-78.0097
Huntington,Indiana,20,40.8815,-85.5053
Huron,Ohio,20,41.3913,-82.5635
Imperial,California,248,32.839,-115.5719
Indiana,Pennsylvania,76,40.622,-79.1552
Ionia,Michigan,48,42.9772,-85.0727
Iroquois,Illinois,5,40.8288,-87.5844
Isanti,Minnesota,7,45.4928,-93.2407
Jackson,Alabama,82,31.5318,-87.8915
Jackson,Georgia,69,33.292,-83.9678
Jackson,Kentucky,18,37.5589,-83.3782
Jackson,Louisiana,26,30.8346,-91.208
Jackson,Michigan,264,42.2431,-84.4037
Jackson,Minnesota,6,43.6288,-94.9886
Jackson,Mississippi,232,32.3163,-90.2124
Jackson,Missouri,4287,37.3792,-89.6521
Jackson,North Carolina,30,36.3901,-77.4193
Jackson,Ohio,11,39.046,-82.6492
Jackson,Tennessee,7,35.6535,-88.8353
Jackson,Wisconsin,17,43.3237,-88.166
Jasper,Georgia,17,34.471,-84.4496
Jasper,Indiana,2,38.3933,-86.9402
Jasper,Missouri,141,37.3354,-94.3023
Jasper,Texas,64,30.9221,-93.9947
Jefferson,Georgia,45,34.1373,-83.6021
Jefferson,Iowa,2,42.0173,-94.3798
Jefferson,Louisiana,1700,29.9609,-90.1554
Jefferson,Ohio,61,41.7384,-80.7689
Jefferson,Oklahoma,20,36.7203,-97.7909
Jefferson,Oregon,23,44.7171,-123.0069
Jefferson,Pennsylvania,41,39.8156,-76.841
Jefferson,Pennsylvania,41,39.9305,-80.0578
Jefferson,Texas,925,32.7634,-94.3512
Jefferson,West Virginia,40,38.3701,-81.7709
Jefferson,Wisconsin,33,43.0044,-88.8084
Jerome,Idaho,15,42.7183,-114.5159
Jewell,Kansas,2,39.6716,-98.1524
Johnson,Arkansas,27,36.1328,-94.1757
Juneau,Alaska,674,58.4546,-134.1739
Juneau,Wisconsin,21,43.4052,-88.7041
Kalamazoo,Michigan,296,42.2749,-85.5882
Kalkaska,Michigan,11,44.7322,-85.1781
Kandiyohi,Minnesota,25,45.1315,-94.9331
Kane,Illinois,233,39.1905,-90.3512
Kankakee,Illinois,128,41.1019,-87.8643
Kaufman,Texas,193,32.5769,-96.316
Kearney,Nebraska,2,40.701,-99.0834
Kenedy,Texas,3,28.8176,-97.8518
Kenosha,Wisconsin,156,42.5864,-87.8765
Keokuk,Iowa,4,40.4095,-91.403
Kershaw,South Carolina,113,34.5462,-80.5872
Kewaunee,Wisconsin,10,44.4607,-87.5133
Kimball,Nebraska,2,41.2335,-103.6512
King George,Virginia,31,38.2807,-77.1896
King William,Virginia,12,37.6882,-77.0212
Kingfisher,Oklahoma,10,35.8439,-97.9381
Kingman,Kansas,2,37.6476,-98.1161
Kiowa,Kansas,4,37.0174,-98.4848
Kiowa,Oklahoma,22,34.7223,-95.9018
Kit Carson,Colorado,6,38.7628,-102.7954
Kittitas,Washington,20,46.9837,-120.419
Klickitat,Washington,25,45.818,-121.1626
Knox,Indiana,23,41.291,-86.621
Kootenai,Idaho,96,48.3119,-116.5172
La Crosse,Wisconsin,49,43.824,-91.2268
La Porte,Indiana,183,41.6077,-86.7136
Labette,Kansas,16,37.23,-95.1835
Laclede,Missouri,39,39.7878,-93.1697
Lafayette,Louisiana,464,30.2084,-92.0323
Lagrange,Indiana,13,41.6481,-85.4181
Lamar,Texas,115,28.1439,-96.9888
Lampasas,Texas,26,31.064,-98.1824
Lancaster,Pennsylvania,358,40.0421,-76.3012
Lancaster,South Carolina,175,34.7247,-80.7801
Lancaster,Virginia,23,37.7675,-76.4549
Lane,Kansas,1,38.4397,-95.0818
Lapeer,Michigan,58,43.0447,-83.3254
Laramie,Wyoming,89,41.3099,-105.6085
Las Animas,Colorado,38,38.0695,-103.2237
Lauderdale,Mississippi,293,32.5104,-88.5264
Laurens,South Carolina,206,34.5022,-82.0207
Lawrence,Indiana,47,39.8674,-85.9905
Lawrence,Pennsylvania,126,40.3042,-80.1185
Le Flore,Oklahoma,100,34.8985,-94.9759
Le Sueur,Minnesota,11,44.4704,-93.9025
Leavenworth,Kansas,60,39.3239,-94.924
Lebanon,Pennsylvania,101,40.3412,-76.4227
Lee,Florida,993,30.4115,-83.3003
Lee,Illinois,9,41.7955,-88.9417
Lenoir,North Carolina,217,35.9096,-81.5247
Lexington,South Carolina,387,33.989,-81.2202
Lexington,Virginia,8,37.7825,-79.444
Liberty,Texas,170,30.0379,-94.788
Lincoln,Arkansas,19,35.949,-94.4174
Lincoln,Idaho,7,43.5178,-111.9685
Lincoln,Missouri,11,38.394,-93.3313
Lincoln,Montana,19,46.953,-112.6693
Lincoln,Nebraska,26,40.809,-96.6788
Linn,Kansas,5,39.6794,-97.0867
Linn,Missouri,6,38.4788,-91.845
Lipscomb,Texas,2,36.2215,-100.2621
Live Oak,Texas,20,29.5545,-98.3404
Livingston,Kentucky,15,37.298,-84.2157
Livingston,Louisiana,140,30.4953,-90.7467
Llano,Texas,20,30.7508,-98.6763
Logan,Kansas,1,39.6617,-99.5673
Logan,Ohio,32,39.5386,-82.4063
Logan,West Virginia,105,37.8509,-81.9857
Lonoke,Arkansas,70,34.7908,-91.9069
Lorain,Ohio,220,41.4409,-82.184
Los Alamos,New Mexico,8,35.8926,-106.2862
Los Angeles,California,44511,34.1139,-118.4068
Loudon,Tennessee,34,35.7413,-84.3704
Louisa,Virginia,51,38.0212,-77.9985
Lubbock,Texas,679,33.5659,-101.8878
Lucas,Iowa,6,41.0322,-93.4611
Lucas,Ohio,1145,40.7042,-82.4222
Lumpkin,Georgia,27,32.0487,-84.7981
Luna,New Mexico,47,33.8181,-108.9435
Lunenburg,Virginia,30,36.9584,-78.2682
Lynchburg,Virginia,196,37.4003,-79.1909
Macon,Georgia,18,32.8065,-83.6974
Macon,Illinois,81,39.7117,-88.9965
Macon,Missouri,20,39.7424,-92.4712
Macon,North Carolina,23,36.4396,-78.0839
Madera,California,325,36.9631,-120.0782
Madison,Alabama,543,34.7114,-86.7626
Madison,Arkansas,18,35.0188,-90.7299
Madison,Florida,51,30.4716,-83.413
Madison,Georgia,11,33.579,-83.4758
Madison,Illinois,167,38.7001,-90.1425
Madison,Indiana,119,38.7581,-85.3974
Madison,Mississippi,122,32.4738,-90.13
Madison,Missouri,10,39.4735,-92.2117
Madison,Nebraska,37,41.8283,-97.4568
Madison,North Carolina,11,36.3868,-79.975
Madison,Ohio,9,41.7722,-81.053
Madison,Virginia,20,38.3794,-78.2586
Mahnomen,Minnesota,6,47.3146,-95.9673
Manassas,Virginia,44,38.7479,-77.4839
Manassas Park,Virginia,7,38.7719,-77.445
Manistee,Michigan,18,44.244,-86.3242
Manitowoc,Wisconsin,35,44.0991,-87.6811
Maricopa,Arizona,8582,33.0404,-112.0006
Marinette,Wisconsin,27,45.087,-87.6328
Marion,Alabama,21,32.6318,-87.3172
Marion,Arkansas,12,35.2041,-90.2061
Marion,Illinois,10,37.7173,-88.9279
Marion,Indiana,3849,40.5496,-85.66
Marion,Iowa,10,42.045,-91.5846
Marion,Kansas,2,38.355,-97.0087
Marion,Kentucky,32,37.3321,-88.0795
Marion,Mississippi,44,32.4272,-88.6502
Marion,Ohio,45,40.5933,-83.1237
Marion,Oregon,377,44.7513,-122.9277
Marion,South Carolina,134,34.1787,-79.3966
Marion,Texas,63,29.5726,-98.143
Mariposa,California,33,37.4873,-119.9682
Marquette,Michigan,35,46.544,-87.4082
Marquette,Wisconsin,4,43.7464,-89.1384
Marshall,Illinois,5,39.3984,-87.6899
Marshall,Indiana,16,39.8475,-87.1868
Marshall,Oklahoma,20,36.1555,-97.6257
Martin,Kentucky,10,37.5669,-82.7603
Martinsville,Virginia,90,36.6827,-79.8636
Mason,Illinois,3,38.9537,-88.6259
Mason,Michigan,21,42.5806,-84.4427
Mason,Texas,5,30.748,-99.2288
Mason,West Virginia,40,39.0183,-82.0314
Matagorda,Texas,126,28.6973,-95.9667
Mathews,Virginia,15,37.4365,-76.3245
McCormick,South Carolina,26,33.9129,-82.2876
McCurtain,Oklahoma,187,35.1509,-94.9669
McHenry,Illinois,25,42.3388,-88.2931
McHenry,North Dakota,3,47.5764,-98.591
McLean,Illinois,47,40.3136,-89.1687
McPherson,Kansas,10,38.3714,-97.6605
Meade,Kansas,2,37.2836,-100.343
Mecosta,Michigan,20,43.621,-85.2304
Medina,Ohio,27,41.1358,-81.8694
Medina,Texas,71,26.929,-99.2614
Menard,Texas,5,30.9185,-99.7837
Mendocino,California,219,39.311,-123.7908
Menominee,Michigan,18,45.122,-87.6234
Merced,California,546,37.3057,-120.4778
Mercer,Missouri,8,40.5107,-93.5299
Mercer,North Dakota,3,47.4905,-100.7104
Mercer,Pennsylvania,78,41.2266,-80.2361
Middlesex,New Jersey,520,40.5744,-74.5011
Midland,Michigan,31,43.6241,-84.2319
Midland,Texas,228,32.0249,-102.1137
Mifflin,Pennsylvania,23,40.5686,-77.4048
Milam,Texas,51,31.4541,-93.7979
Miller,Missouri,16,37.2148,-93.8406
Milwaukee,Wisconsin,3808,43.0642,-87.9673
Minidoka,Idaho,15,42.754,-113.49
Missoula,Montana,56,46.875,-114.0214
Mitchell,Georgia,56,33.2199,-82.7031
Mobile,Alabama,1658,30.6783,-88.1162
Moffat,Colorado,17,38.002,-105.9048
Monona,Iowa,1,43.0513,-91.3912
Monroe,Georgia,32,33.799,-83.716
Monroe,Indiana,74,40.7451,-84.941
Monroe,Iowa,4,41.5189,-93.1038
Monroe,Michigan,130,41.9154,-83.385
Monroe,Ohio,5,39.4461,-84.3666
Monroe,Pennsylvania,141,41.7124,-76.4759
Monroe,Wisconsin,34,42.603,-89.6382
Montague,Texas,33,33.6652,-97.7209
Monterey,California,1057,36.5922,-121.8807
Montezuma,Colorado,37,39.5815,-105.8676
Montgomery,Alabama,930,32.3473,-86.2666
Montgomery,Georgia,2,31.9438,-81.1081
Montgomery,Illinois,4,41.7237,-88.3631
Montgomery,Indiana,20,38.6655,-87.0493
Montgomery,Ohio,1726,39.2496,-84.3457
Montgomery,Pennsylvania,531,41.1709,-76.874
Montgomery,Texas,494,30.3921,-95.6958
Montrose,Colorado,28,38.469,-107.859
Moore,Texas,22,29.0574,-99.0068
Mora,New Mexico,1,35.9634,-105.3313
Morgan,Georgia,8,31.5381,-84.6033
Morgan,Utah,6,41.0414,-111.6802
Morrow,Ohio,21,39.35,-84.1231
Muscatine,Iowa,33,41.4196,-91.068
Muskegon,Michigan,238,43.2281,-86.2563
Muskogee,Oklahoma,226,35.7431,-95.3568
Musselshell,Montana,3,46.5063,-108.0862
Nacogdoches,Texas,131,31.6134,-94.6528
Napa,California,114,38.2976,-122.3011
Natchitoches,Louisiana,122,31.7317,-93.0979
Navarro,Texas,106,32.0007,-96.3826
Nemaha,Nebraska,4,40.3388,-95.676
New Castle,Delaware,826,39.6685,-75.5692
New Haven,Connecticut,1569,41.3112,-72.9246
New Kent,Virginia,24,37.5095,-76.9862
New London,Connecticut,178,41.3502,-72.1023
New Madrid,Missouri,26,36.5879,-89.5505
New York,New York,38431,40.6943,-73.9249
Newaygo,Michigan,51,43.4162,-85.8031
Newberry,South Carolina,82,34.2812,-81.601
Newport News,Virginia,742,37.1051,-76.5185
Newton,Georgia,141,31.3172,-84.3376
Newton,Mississippi,38,32.3296,-89.1534
Newton,Texas,58,30.8502,-93.7537
Nicollet,Minnesota,6,44.2747,-94.1885
Noble,Oklahoma,18,35.1385,-97.371
Nome,Alaska,16,64.5213,-165.4053
Norfolk,Virginia,1603,36.8945,-76.259
Northampton,Pennsylvania,227,40.6866,-75.4904
Northumberland,Pennsylvania,56,40.896,-76.7937
Norton,Kansas,2,39.8362,-99.8916
Norton,Virginia,9,36.9314,-82.6262
Nowata,Oklahoma,9,36.699,-95.6379
Obion,Tennessee,38,36.2643,-89.1947
Oconee,Georgia,9,32.8535,-82.9576
Oconto,Wisconsin,26,44.8918,-87.8692
Oglethorpe,Georgia,16,32.2935,-84.0623
Okanogan,Washington,64,48.3673,-119.5781
Okeechobee,Florida,93,27.2414,-80.8298
Okmulgee,Oklahoma,115,35.6136,-96.0069
Oneida,New York,281,43.0769,-75.6621
Ontonagon,Michigan,5,46.8665,-89.3122
Orange,California,3812,33.8038,-117.8218
Orange,Texas,187,30.121,-93.7616
Orange,Virginia,38,38.2486,-78.1127
Orangeburg,South Carolina,410,33.4928,-80.867
Oregon,Missouri,20,39.9861,-95.1433
Orleans,Vermont,17,44.8092,-72.2013
Osage,Oklahoma,69,36.2948,-96.4179
Osborne,Kansas,2,39.4405,-98.6994
Oscoda,Michigan,13,44.425,-83.3339
Oswego,New York,50,43.4516,-76.5005
Otoe,Nebraska,13,40.7242,-96.1206
Otsego,Michigan,19,42.4575,-85.6979
Ottawa,Ohio,17,41.0203,-84.0354
Ozark,Missouri,29,37.0361,-93.2155
Pacific,Washington,21,47.261,-122.2507
Palm Beach,Florida,2642,26.6932,-80.0406
Palo Pinto,Texas,62,32.7692,-98.3007
Parker,Texas,106,33.057,-96.6248
Passaic,New Jersey,955,40.8574,-74.1282
Paulding,Ohio,8,41.1424,-84.5824
Pawnee,Oklahoma,29,36.3363,-96.8019
Payette,Idaho,18,44.0788,-116.9255
Pearl River,Mississippi,38,32.7889,-89.2384
Pecos,Texas,41,31.4046,-103.5057
Pembina,North Dakota,7,48.9669,-97.2475
Peoria,Illinois,139,40.752,-89.6153
Pepin,Wisconsin,3,44.4423,-92.1482
Perry,Arkansas,12,35.0458,-92.7948
Perry,Illinois,8,39.7822,-90.7472
Perry,Missouri,16,39.43,-91.6665
Perry,Ohio,8,41.7637,-81.143
Petersburg,Virginia,255,37.2043,-77.3913
Philadelphia,Pennsylvania,12851,40.0077,-75.1339
Pickens,South Carolina,155,34.8857,-82.7103
Pierce,Nebraska,3,42.199,-97.5284
Pima,Arizona,2429,32.8886,-109.8437
Pinal,Arizona,427,33.3799,-110.7571
Pitkin,Colorado,10,38.6088,-106.5149
Pittsburg,Oklahoma,87,34.7116,-95.8502
Plymouth,Iowa,14,43.2464,-93.1232
Pocahontas,Iowa,4,42.7371,-94.6661
Pontotoc,Mississippi,6,34.2532,-89.0091
Poquoson,Virginia,8,37.1318,-76.3569
Portage,Ohio,72,41.3232,-83.6468
Portage,Wisconsin,28,43.5489,-89.4658
Porter,Indiana,80,41.6257,-87.0801
Portsmouth,Virginia,661,36.8468,-76.354
Powhatan,Virginia,26,37.5427,-77.9267
Pratt,Kansas,5,37.6764,-98.7451
Prentiss,Mississippi,8,31.5995,-89.8746
Presidio,Texas,22,29.5603,-104.3653
Prince George,Virginia,35,37.2209,-77.2683
Pueblo,Colorado,290,38.2705,-104.6112
Pulaski,Georgia,27,32.3904,-81.9566
Pulaski,Illinois,7,37.2163,-89.2078
Pulaski,Virginia,66,37.0528,-80.7624
Queens,New York,6,40.7498,-73.7976
Quitman,Georgia,8,30.7849,-83.5603
Quitman,Mississippi,4,32.0417,-88.7202
Racine,Wisconsin,279,42.7274,-87.8135
Radford,Virginia,10,37.1229,-80.5587
Ramsey,Minnesota,711,45.2617,-93.4494
Randolph,Missouri,22,39.156,-94.4929
Ravalli,Montana,11,47.2798,-114.1658
Red Lake,Minnesota,1,47.8707,-95.0052
Refugio,Texas,7,28.3073,-97.275
Rensselaer,New York,131,42.6465,-73.7328
Renville,Minnesota,4,44.7908,-95.2048
Republic,Kansas,4,39.9239,-97.8245
Rice,Minnesota,22,45.7525,-94.2317
Richmond,Virginia,2892,37.5295,-77.4756
Riley,Kansas,47,39.299,-96.8276
Riverside,California,3893,33.9381,-117.3948
Roanoke,Virginia,472,37.2785,-79.958
Rock Island,Illinois,48,41.4699,-90.5827
Rockingham,North Carolina,204,34.9386,-79.7608
Rockwall,Texas,28,32.9169,-96.4377
Rolette,North Dakota,5,48.6609,-99.8417
Roscommon,Michigan,16,44.4915,-84.5914
Roseau,Minnesota,4,48.8446,-95.7623
Rosebud,Montana,5,46.2712,-106.447
Ross,Ohio,42,39.3146,-84.6599
Rusk,Texas,141,31.7978,-95.1491
Russell,Kansas,8,38.8878,-98.8513
Russell,Kentucky,19,38.5116,-82.6996
Rutherford,Tennessee,174,36.1249,-88.992
Rutland,Vermont,27,43.6091,-72.9782
Sacramento,California,3416,38.5667,-121.4683
Saginaw,Michigan,818,43.4199,-83.9501
Saguache,Colorado,17,38.0863,-106.1409
Salem,New Jersey,80,39.5681,-75.4724
Salem,Virginia,23,37.2864,-80.0555
Saluda,South Carolina,51,34.0009,-81.7713
San Augustine,Texas,29,31.5297,-94.1108
San Bernardino,California,5717,34.1417,-117.2946
San Diego,California,5456,32.8312,-117.1225
San Francisco,California,3016,37.7562,-122.443
San Joaquin,California,2196,36.6057,-120.1897
San Luis Obispo,California,233,35.2669,-120.6691
San Mateo,California,953,37.5521,-122.3122
San Miguel,New Mexico,50,32.1535,-106.7269
San Patricio,Texas,117,27.9772,-97.7766
San Saba,Texas,20,31.1965,-98.7244
Sandusky,Ohio,37,41.4437,-82.7149
Santa Barbara,California,445,34.4285,-119.7202
Santa Clara,California,2076,37.3645,-121.968
Santa Cruz,Arizona,42,33.2326,-112.1593
Santa Cruz,California,375,36.9789,-122.0346
Santa Fe,New Mexico,609,35.6619,-105.9819
Sarasota,Florida,398,27.3386,-82.5431
Schenectady,New York,172,42.8025,-73.9276
Schoolcraft,Michigan,7,42.117,-85.6337
Scott,Arkansas,20,34.6966,-92.0938
Screven,Georgia,23,31.484,-82.0171
Scurry,Texas,31,32.5127,-96.385
Searcy,Arkansas,9,35.2418,-91.7351
Sedgwick,Colorado,3,40.9353,-102.5254
Sedgwick,Kansas,755,37.9157,-97.4215
Seminole,Florida,415,27.8435,-82.7839
Seminole,Oklahoma,95,35.2346,-96.65
Sequoyah,Oklahoma,92,36.3797,-95.5969
Seward,Kansas,50,38.1778,-98.7943
Seward,Nebraska,5,40.9099,-97.0957
Shasta,California,297,40.591,-122.4797
Shawano,Wisconsin,15,44.7748,-88.5843
Shawnee,Kansas,317,39.0158,-94.8076
Sheboygan,Wisconsin,37,43.7403,-87.7316
Shelby,Alabama,112,33.1068,-86.5825
Shelby,Indiana,7,41.1934,-87.3426
Shelby,Iowa,1,41.5067,-95.4506
Shelby,Ohio,22,40.8847,-82.6578
Shenandoah,Virginia,28,38.4875,-78.6171
Sheridan,Montana,2,45.4588,-112.1946
Sheridan,Wyoming,23,44.7962,-106.9643
Sherman,Texas,4,33.6274,-96.6218
Shoshone,Idaho,27,42.9369,-114.4055
Sitka,Alaska,3,57.2401,-135.3153
Snohomish,Washington,419,47.9276,-122.0968
Socorro,New Mexico,17,34.0543,-106.9066
Somerset,Maryland,57,38.9666,-77.0963
Somerset,New Jersey,128,40.5083,-74.501
Somerset,Pennsylvania,66,40.005,-79.0778
Sonoma,California,511,38.2902,-122.4598
Spartanburg,South Carolina,705,34.9437,-81.9257
Spencer,Indiana,12,39.2862,-86.7726
Spokane,Washington,614,47.6671,-117.433
St. Charles,Missouri,150,38.7954,-90.5157
St. Clair,Michigan,115,42.8262,-82.493
St. Clair,Missouri,11,38.3479,-90.9934
St. Francis,Arkansas,129,36.4556,-90.1428
St. James,Louisiana,39,30.0185,-90.8513
St. Joseph,Michigan,53,42.0967,-86.485
St. Louis,Missouri,1352,38.6358,-90.2451
Stafford,Kansas,1,37.9624,-98.5995
Stanton,Nebraska,2,41.9472,-97.2172
Staunton,Virginia,26,38.1593,-79.0611
Ste. Genevieve,Missouri,30,37.9747,-90.0481
Steele,North Dakota,1,46.8568,-99.9181
Stokes,North Carolina,62,35.7105,-77.2676
Stonewall,Texas,4,30.2497,-98.6593
Suffolk,Virginia,222,36.6953,-76.6398
Sullivan,Indiana,21,39.0973,-87.4074
Sullivan,Missouri,1,38.2129,-91.1636
Summit,Utah,20,37.8013,-112.935
Sumter,South Carolina,363,33.9392,-80.393
Sunflower,Mississippi,76,33.5444,-90.5373
Surry,Virginia,13,37.1371,-76.8333
Sussex,New Jersey,54,41.2095,-74.6079
Sussex,Virginia,30,36.9173,-77.2719
Sutter,California,156,39.1556,-121.7492
Sweet Grass,Montana,2,48.9929,-111.9668
Talladega,Alabama,111,33.4329,-86.0976
Tama,Iowa,7,41.9648,-92.5746
Tangipahoa,Louisiana,253,30.8758,-90.5138
Taos,New Mexico,33,36.3871,-105.5804
Taylor,Texas,252,30.5743,-97.4234
Taylor,Wisconsin,14,44.3217,-91.1206
Tazewell,Virginia,72,37.1268,-81.5134
Tehama,California,105,40.0218,-122.1269
Terrell,Texas,3,32.7341,-96.2939
Teton,Idaho,2,43.8872,-111.6724
Thayer,Nebraska,3,40.9703,-97.4967
Throckmorton,Texas,7,33.182,-99.1798
Thurston,Nebraska,1,42.1769,-96.7002
Tillamook,Oregon,30,45.4562,-123.8331
Tipton,Indiana,10,40.282,-86.0422
Tishomingo,Mississippi,17,34.6381,-88.2291
Tooele,Utah,45,40.5393,-112.3082
Towner,North Dakota,1,48.3471,-100.4069
Trempealeau,Wisconsin,10,44.003,-91.4285
Trinity,Texas,41,30.9445,-95.3736
Tripp,South Dakota,1,43.2255,-97.9658
Tulare,California,1201,36.1996,-119.34
Tulsa,Oklahoma,1900,36.1284,-95.9042
Tunica,Mississippi,30,34.6881,-90.381
Tuscaloosa,Alabama,332,33.2348,-87.5267
Tuscarawas,Ohio,31,40.3934,-81.4006
Twin Falls,Idaho,64,42.5645,-114.4615
Tyler,Texas,43,32.3184,-95.3062
Uintah,Utah,34,41.1427,-111.9334
Umatilla,Oregon,95,45.912,-119.3145
Unicoi,Tennessee,13,36.2217,-82.3293
Union,Illinois,10,42.2316,-88.5448
Union,Iowa,4,42.2434,-93.0625
Union,Kentucky,10,38.9472,-84.6731
Union,Louisiana,46,30.0917,-90.8844
Union,Mississippi,20,32.5711,-89.1152
Union,Ohio,8,39.909,-84.2896
Union,Oregon,33,45.2089,-117.8679
Union,South Carolina,78,34.7235,-81.6248
Uvalde,Texas,58,29.2153,-99.7782
Valencia,New Mexico,97,34.8053,-106.6869
Valley,Nebraska,2,41.3147,-96.3565
Van Buren,Arkansas,17,35.448,-94.3528
Van Wert,Ohio,12,40.865,-84.5879
Venango,Pennsylvania,47,41.7727,-80.1121
Vermilion,Illinois,34,39.5802,-87.5879
Victoria,Texas,217,28.8285,-96.985
Vinton,Ohio,17,38.9776,-82.3374
Virginia Beach,Virginia,634,36.7335,-76.0435
Wabash,Indiana,18,40.8034,-85.8301
Wabasha,Minnesota,3,44.3707,-92.042
Wadena,Minnesota,7,46.4452,-95.1281
Wagoner,Oklahoma,81,35.9641,-95.379
Walla Walla,Washington,46,46.067,-118.3366
Waller,Texas,90,30.0629,-95.9221
Wallowa,Oregon,5,45.5704,-117.5286
Walthall,Mississippi,16,33.6069,-89.2787
Walworth,Wisconsin,57,42.5305,-88.5941
Wapello,Iowa,26,41.1771,-91.1881
Warren,Illinois,7,42.4948,-89.9913
Warren,Ohio,52,41.239,-80.8174
Warren,Pennsylvania,31,41.8433,-79.1445
Wasco,Oregon,42,45.5916,-120.6975
Waseca,Minnesota,9,44.0826,-93.5025
Washburn,Wisconsin,13,46.6769,-90.9017
Washington,Arkansas,171,33.773,-93.6833
Washington,Georgia,46,33.7355,-82.7427
Washington,Illinois,1,40.7049,-89.4346
Washington,Indiana,17,38.6587,-87.1591
Washington,Iowa,7,41.2982,-91.6928
Washington,Kansas,2,39.816,-97.0486
Washington,Louisiana,159,30.615,-92.0594
Washington,Missouri,18,38.5514,-91.0151
Washington,Nebraska,5,41.3977,-96.2075
Washington,North Carolina,31,35.5587,-77.0545
Washington,Oklahoma,60,35.0583,-97.4922
Washington,Pennsylvania,184,40.174,-80.2466
Washington,Utah,46,37.1304,-113.4877
Washington,Virginia,66,38.7121,-78.1599
Waukesha,Wisconsin,86,43.0087,-88.2464
Waupaca,Wisconsin,21,44.3506,-89.0719
Wayne,Illinois,2,41.9494,-88.2584
Wayne,Michigan,19038,42.2774,-83.3877
Wayne,Nebraska,1,42.2379,-97.01
Wayne,Ohio,45,41.301,-83.4717
Wayne,West Virginia,85,38.2296,-82.4417
Waynesboro,Virginia,33,38.0674,-78.9014
Webster,Iowa,32,41.4379,-92.1715
Wharton,Texas,100,29.3138,-96.1044
Wheatland,Montana,1,45.958,-111.5782
Wheeler,Oregon,2,45.6874,-123.8871
Wheeler,Texas,11,35.4411,-100.2752
White,Georgia,25,34.2825,-84.7472
Wichita,Kansas,6,37.6896,-97.3442
Williamsburg,Virginia,18,37.2692,-76.7076
Williamson,Illinois,21,38.9873,-89.7644
Wilson,Kansas,8,38.8255,-98.4749
Wilson,North Carolina,270,35.7312,-77.9284
Wilson,Texas,50,33.3192,-101.7274
Winchester,Virginia,24,39.1735,-78.1746
Winnebago,Illinois,419,42.2671,-89.234
Winona,Minnesota,18,44.0505,-91.6684
Wise,Virginia,66,36.9767,-82.5809
Woodward,Oklahoma,25,36.4247,-99.4057
Worcester,Massachusetts,468,42.2705,-71.8079
Wright,Minnesota,18,46.6725,-93.0069
Wyoming,New York,27,42.824,-78.0842
Wyoming,Pennsylvania,26,41.3058,-75.8416
Yakima,Washington,528,46.5923,-120.5496
Yamhill,Oregon,70,45.3412,-123.1851
Yankton,South Dakota,12,42.8901,-97.3926
Yoakum,Texas,8,29.2933,-97.1469
Yolo,California,248,38.7405,-121.8093
York,Nebraska,6,40.8698,-97.5928
York,Pennsylvania,408,39.9651,-76.7315
York,South Carolina,348,34.9967,-81.234
Yuma,Arizona,208,32.5992,-114.5488
Yuma,Colorado,5,40.124,-102.7161
Zapata,Texas,17,26.9027,-99.2612
