City,State,Crime Count
Abbeville,South Carolina,59
Acadia,Louisiana,98
Accomack,Virginia,80
Ada,Idaho,211
Adair,Iowa,2
Adair,Kentucky,58
Adair,Missouri,14
Adair,Oklahoma,56
Adams,Colorado,464
Adams,Idaho,3
Adams,Illinois,27
Adams,Indiana,3
Adams,Iowa,5
Adams,Mississippi,126
Adams,Nebraska,18
Adams,North Dakota,2
Adams,Ohio,12
Adams,Pennsylvania,67
Adams,Washington,32
Adams,Wisconsin,15
Addison,Vermont,34
Aiken,South Carolina,382
Aitkin,Minnesota,14
Alachua,Florida,342
Alamance,North Carolina,276
Alameda,California,5551
Alamosa,Colorado,24
Albany,New York,327
Albany,Wyoming,27
Albemarle,Virginia,86
Alcona,Michigan,16
Alcorn,Mississippi,26
Aleutians West,Alaska,8
Alexander,Illinois,18
Alexander,North Carolina,70
Alexandria,Virginia,196
Alfalfa,Oklahoma,3
Alger,Michigan,13
Allamakee,Iowa,1
Allegan,Michigan,60
Allegany,Maryland,70
Allegany,New York,26
Alleghany,North Carolina,12
Alleghany,Virginia,19
Allegheny,Pennsylvania,2542
Allen,Indiana,829
Allen,Kansas,8
Allen,Kentucky,10
Allen,Louisiana,56
Allen,Ohio,197
Allendale,South Carolina,55
Alpena,Michigan,19
Alpine,California,6
Amador,California,29
Amelia,Virginia,19
Amherst,Virginia,52
Amite,Mississippi,4
Anchorage,Alaska,676
Anderson,Kansas,5
Anderson,Kentucky,13
Anderson,South Carolina,521
Anderson,Tennessee,84
Anderson,Texas,138
Andrew,Missouri,13
Andrews,Texas,24
Androscoggin,Maine,85
Angelina,Texas,210
Anne Arundel,Maryland,634
Anoka,Minnesota,113
Anson,North Carolina,126
Antelope,Nebraska,2
Antrim,Michigan,6
Apache,Arizona,27
Appanoose,Iowa,9
Appling,Georgia,22
Appomattox,Virginia,25
Aransas,Texas,42
Arapahoe,Colorado,790
Archer,Texas,13
Archuleta,Colorado,11
Arenac,Michigan,9
Arkansas,Arkansas,53
Arlington,Virginia,180
Armstrong,Pennsylvania,31
Armstrong,Texas,2
Aroostook,Maine,52
Ascension,Louisiana,171
Ashe,North Carolina,33
Ashland,Ohio,25
Ashland,Wisconsin,11
Ashley,Arkansas,76
Ashtabula,Ohio,69
Asotin,Washington,17
Assumption,Louisiana,43
Atascosa,Texas,103
Atchison,Kansas,16
Atchison,Missouri,2
Athens,Ohio,22
Atkinson,Georgia,13
Atlantic,New Jersey,661
Atoka,Oklahoma,31
Attala,Mississippi,47
Audrain,Missouri,27
Auglaize,Ohio,7
Augusta,Virginia,85
Austin,Texas,43
Autauga,Alabama,63
Avery,North Carolina,23
Avoyelles,Louisiana,38
Baca,Colorado,2
Bacon,Georgia,24
Bailey,Texas,17
Baker,Florida,35
Baker,Georgia,4
Baker,Oregon,12
Baldwin,Alabama,166
Baldwin,Georgia,83
Ballard,Kentucky,5
Baltimore,Maryland,1113
Baltimore city,Maryland,9336
Bamberg,South Carolina,65
Bandera,Texas,25
Banks,Georgia,12
Bannock,Idaho,52
Baraga,Michigan,3
Barber,Kansas,1
Barbour,Alabama,61
Barbour,West Virginia,12
Barnes,North Dakota,7
Barnstable,Massachusetts,107
Barnwell,South Carolina,71
Barren,Kentucky,39
Barron,Wisconsin,23
Barrow,Georgia,60
Barry,Michigan,37
Barry,Missouri,23
Bartholomew,Indiana,42
Barton,Kansas,24
Barton,Missouri,14
Bartow,Georgia,72
Bastrop,Texas,112
Bates,Missouri,23
Bath,Kentucky,13
Bath,Virginia,9
Baxter,Arkansas,37
Bay,Florida,295
Bay,Michigan,70
Bayfield,Wisconsin,12
Baylor,Texas,10
Beadle,South Dakota,3
Bear Lake,Idaho,4
Beaufort,North Carolina,120
Beaufort,South Carolina,221
Beauregard,Louisiana,45
Beaver,Oklahoma,5
Beaver,Pennsylvania,169
Beaver,Utah,9
Beaverhead,Montana,5
Becker,Minnesota,17
Beckham,Oklahoma,44
Bedford,Pennsylvania,45
Bedford,Tennessee,45
Bedford,Virginia,70
Bee,Texas,43
Belknap,New Hampshire,34
Bell,Kentucky,66
Bell,Texas,580
Belmont,Ohio,35
Beltrami,Minnesota,32
Ben Hill,Georgia,44
Benewah,Idaho,12
Bennett,South Dakota,3
Bennington,Vermont,25
Benson,North Dakota,2
Bent,Colorado,7
Benton,Arkansas,106
Benton,Indiana,3
Benton,Iowa,11
Benton,Minnesota,12
Benton,Mississippi,2
Benton,Missouri,21
Benton,Oregon,40
Benton,Tennessee,15
Benton,Washington,143
Benzie,Michigan,16
Bergen,New Jersey,421
Berkeley,South Carolina,323
Berkeley,West Virginia,112
Berks,Pennsylvania,542
Berkshire,Massachusetts,46
Bernalillo,New Mexico,1888
Berrien,Georgia,27
Berrien,Michigan,298
Bertie,North Carolina,74
Bethel,Alaska,23
Bexar,Texas,5522
Bibb,Alabama,1
Bibb,Georgia,745
Bienville,Louisiana,23
Big Horn,Montana,10
Big Horn,Wyoming,12
Big Stone,Minnesota,1
Bingham,Idaho,35
Black Hawk,Iowa,106
Blackford,Indiana,8
Bladen,North Carolina,127
Blaine,Idaho,14
Blaine,Montana,3
Blaine,Nebraska,2
Blaine,Oklahoma,19
Blair,Pennsylvania,92
Blanco,Texas,15
Bland,Virginia,12
Bleckley,Georgia,13
Bledsoe,Tennessee,13
Blount,Alabama,31
Blount,Tennessee,85
Blue Earth,Minnesota,26
Boise,Idaho,19
Bolivar,Mississippi,69
Bollinger,Missouri,11
Bon Homme,South Dakota,1
Bond,Illinois,7
Bonner,Idaho,33
Bonneville,Idaho,71
Boone,Arkansas,45
Boone,Illinois,8
Boone,Indiana,12
Boone,Iowa,9
Boone,Kentucky,32
Boone,Missouri,163
Boone,West Virginia,35
Borden,Texas,2
Bosque,Texas,23
Bossier,Louisiana,235
Botetourt,Virginia,39
Bottineau,North Dakota,4
Boulder,Colorado,163
Boundary,Idaho,14
Bourbon,Kansas,15
Bourbon,Kentucky,23
Bowie,Texas,258
Bowman,North Dakota,1
Box Butte,Nebraska,11
Box Elder,Utah,24
Boyd,Kentucky,35
Boyd,Nebraska,1
Boyle,Kentucky,23
Bracken,Kentucky,2
Bradford,Florida,39
Bradford,Pennsylvania,53
Bradley,Arkansas,36
Bradley,Tennessee,125
Branch,Michigan,35
Brantley,Georgia,14
Braxton,West Virginia,18
Brazoria,Texas,387
Brazos,Texas,229
Breathitt,Kentucky,42
Breckinridge,Kentucky,21
Bremer,Iowa,6
Brevard,Florida,667
Brewster,Texas,18
Briscoe,Texas,3
Bristol,Massachusetts,384
Bristol,Rhodes Island,8
Bristol,Virginia,31
Bristol Bay,Alaska,3
Broadwater,Montana,5
Bronx,New York,1
Brooke,West Virginia,14
Brookings,South Dakota,4
Brooks,Georgia,28
Brooks,Texas,25
Broome,New York,164
Broomfield,Colorado,12
Broward,Florida,3171
Brown,Illinois,2
Brown,Indiana,13
Brown,Kansas,11
Brown,Minnesota,5
Brown,Nebraska,1
Brown,Ohio,5
Brown,South Dakota,13
Brown,Texas,57
Brown,Wisconsin,129
Brunswick,North Carolina,128
Brunswick,Virginia,52
Bryan,Georgia,18
Bryan,Oklahoma,73
Buchanan,Iowa,7
Buchanan,Missouri,104
Buchanan,Virginia,79
Buckingham,Virginia,38
Bucks,Pennsylvania,337
Buena Vista,Iowa,13
Buena Vista,Virginia,7
Buffalo,Nebraska,18
Buffalo,Wisconsin,5
Bullitt,Kentucky,27
Bulloch,Georgia,63
Bullock,Alabama,18
Buncombe,North Carolina,370
Bureau,Illinois,11
Burke,Georgia,61
Burke,North Carolina,169
Burleigh,North Dakota,45
Burleson,Texas,44
Burlington,New Jersey,276
Burnet,Texas,37
Burnett,Wisconsin,10
Burt,Nebraska,3
Butler,Alabama,60
Butler,Iowa,7
Butler,Kansas,39
Butler,Kentucky,3
Butler,Missouri,62
Butler,Nebraska,3
Butler,Ohio,349
Butler,Pennsylvania,83
Butte,California,326
Butte,Idaho,2
Butte,South Dakota,2
Butts,Georgia,30
Cabarrus,North Carolina,269
Cabell,West Virginia,193
Cache,Utah,22
Caddo,Louisiana,1616
Caddo,Oklahoma,77
Calaveras,California,99
Calcasieu,Louisiana,438
Caldwell,Kentucky,18
Caldwell,Louisiana,18
Caldwell,Missouri,2
Caldwell,North Carolina,188
Caldwell,Texas,35
Caledonia,Vermont,23
Calhoun,Alabama,328
Calhoun,Arkansas,22
Calhoun,Florida,23
Calhoun,Georgia,22
Calhoun,Illinois,1
Calhoun,Iowa,3
Calhoun,Michigan,324
Calhoun,Mississippi,2
Calhoun,South Carolina,48
Calhoun,Texas,37
Calhoun,West Virginia,15
Callahan,Texas,16
Callaway,Missouri,32
Calloway,Kentucky,18
Calumet,Wisconsin,8
Calvert,Maryland,64
Camas,Idaho,1
Cambria,Pennsylvania,148
Camden,Georgia,52
Camden,Missouri,35
Camden,New Jersey,1619
Camden,North Carolina,10
Cameron,Louisiana,3
Cameron,Pennsylvania,4
Cameron,Texas,641
Camp,Texas,28
Campbell,Kentucky,87
Campbell,Tennessee,43
Campbell,Virginia,80
Campbell,Wyoming,39
Canadian,Oklahoma,87
Candler,Georgia,9
Cannon,Tennessee,12
Canyon,Idaho,140
Cape Girardeau,Missouri,72
Cape May,New Jersey,90
Carbon,Montana,10
Carbon,Pennsylvania,46
Carbon,Utah,40
Carbon,Wyoming,29
Caribou,Idaho,5
Carlisle,Kentucky,1
Carlton,Minnesota,17
Caroline,Maryland,46
Caroline,Virginia,44
Carroll,Arkansas,37
Carroll,Georgia,143
Carroll,Illinois,1
Carroll,Indiana,19
Carroll,Iowa,2
Carroll,Kentucky,19
Carroll,Maryland,70
Carroll,Mississippi,2
Carroll,Missouri,12
Carroll,New Hampshire,24
Carroll,Ohio,1
Carroll,Tennessee,22
Carroll,Virginia,46
Carson,Texas,12
Carson City city,Nevada,27
Carter,Kentucky,15
Carter,Missouri,5
Carter,Oklahoma,132
Carter,Tennessee,54
Carteret,North Carolina,76
Carver,Minnesota,27
Cascade,Montana,67
Casey,Kentucky,18
Cass,Illinois,1
Cass,Indiana,26
Cass,Iowa,2
Cass,Michigan,56
Cass,Minnesota,44
Cass,Missouri,56
Cass,Nebraska,12
Cass,North Dakota,40
Cass,Texas,68
Cassia,Idaho,36
Castro,Texas,14
Caswell,North Carolina,70
Catahoula,Louisiana,15
Catawba,North Carolina,323
Catoosa,Georgia,48
Catron,New Mexico,8
Cattaraugus,New York,43
Cavalier,North Dakota,3
Cayuga,New York,44
Cecil,Maryland,111
Cedar,Iowa,5
Cedar,Missouri,11
Cedar,Nebraska,6
Centre,Pennsylvania,57
Cerro Gordo,Iowa,22
Chaffee,Colorado,10
Chambers,Alabama,99
Chambers,Texas,76
Champaign,Illinois,86
Champaign,Ohio,16
Chariton,Missouri,2
Charles,Maryland,176
Charles City,Virginia,13
Charles Mix,South Dakota,10
Charleston,South Carolina,1122
Charlevoix,Michigan,9
Charlotte,Florida,86
Charlotte,Virginia,30
Charlottesville,Virginia,112
Charlton,Georgia,6
Chase,Kansas,1
Chatham,Georgia,1170
Chatham,North Carolina,113
Chattahoochee,Georgia,7
Chattooga,Georgia,28
Chautauqua,Kansas,4
Chautauqua,New York,68
Chaves,New Mexico,232
Cheatham,Tennessee,29
Cheboygan,Michigan,12
Chelan,Washington,91
Chemung,New York,81
Chenango,New York,30
Cherokee,Alabama,12
Cherokee,Georgia,81
Cherokee,Iowa,1
Cherokee,Kansas,23
Cherokee,North Carolina,47
Cherokee,Oklahoma,73
Cherokee,South Carolina,159
Cherokee,Texas,104
Cherry,Nebraska,4
Chesapeake,Virginia,365
Cheshire,New Hampshire,32
Chester,Pennsylvania,294
Chester,South Carolina,118
Chester,Tennessee,18
Chesterfield,South Carolina,159
Chesterfield,Virginia,282
Cheyenne,Colorado,2
Cheyenne,Kansas,2
Cheyenne,Nebraska,8
Chickasaw,Iowa,6
Chickasaw,Mississippi,53
Chicot,Arkansas,74
Childress,Texas,8
Chilton,Alabama,44
Chippewa,Michigan,26
Chippewa,Minnesota,7
Chippewa,Wisconsin,21
Chisago,Minnesota,18
Chittenden,Vermont,72
Choctaw,Alabama,23
Choctaw,Mississippi,4
Choctaw,Oklahoma,73
Chouteau,Montana,6
Chowan,North Carolina,36
Christian,Illinois,5
Christian,Kentucky,146
Christian,Missouri,25
Churchill,Nevada,23
Cibola,New Mexico,29
Cimarron,Oklahoma,9
Citrus,Florida,118
Clackamas,Oregon,262
Claiborne,Louisiana,44
Claiborne,Mississippi,52
Claiborne,Tennessee,46
Clallam,Washington,63
Clare,Michigan,33
Clarendon,South Carolina,124
Clarion,Pennsylvania,37
Clark,Arkansas,31
Clark,Idaho,3
Clark,Illinois,7
Clark,Indiana,96
Clark,Kentucky,35
Clark,Nevada,4511
Clark,Ohio,235
Clark,Washington,274
Clark,Wisconsin,19
Clarke,Alabama,53
Clarke,Georgia,208
Clarke,Iowa,5
Clarke,Mississippi,24
Clarke,Virginia,22
Clatsop,Oregon,36
Clay,Alabama,8
Clay,Arkansas,18
Clay,Florida,146
Clay,Georgia,11
Clay,Illinois,2
Clay,Indiana,24
Clay,Iowa,5
Clay,Kansas,4
Clay,Kentucky,85
Clay,Minnesota,23
Clay,Mississippi,34
Clay,Missouri,64
Clay,Nebraska,2
Clay,North Carolina,11
Clay,South Dakota,6
Clay,Tennessee,5
Clay,Texas,15
Clay,West Virginia,23
Clayton,Georgia,588
Clayton,Iowa,3
Clear Creek,Colorado,16
Clearfield,Pennsylvania,57
Clearwater,Idaho,5
Clearwater,Minnesota,6
Cleburne,Alabama,32
Cleburne,Arkansas,29
Clermont,Ohio,92
Cleveland,Arkansas,11
Cleveland,North Carolina,256
Cleveland,Oklahoma,176
Clifton Forge,Virginia,3
Clinch,Georgia,26
Clinton,Illinois,5
Clinton,Indiana,7
Clinton,Iowa,29
Clinton,Kentucky,8
Clinton,Michigan,36
Clinton,Missouri,12
Clinton,New York,55
Clinton,Ohio,17
Clinton,Pennsylvania,39
Cloud,Kansas,7
Coahoma,Mississippi,116
Coal,Oklahoma,13
Cobb,Georgia,593
Cochise,Arizona,176
Cochran,Texas,3
Cocke,Tennessee,85
Coconino,Arizona,156
Codington,South Dakota,9
Coffee,Alabama,75
Coffee,Georgia,104
Coffee,Tennessee,45
Coffey,Kansas,2
Coke,Texas,4
Colbert,Alabama,73
Cole,Missouri,77
Coleman,Texas,15
Coles,Illinois,12
Colfax,Nebraska,6
Colfax,New Mexico,11
Colleton,South Carolina,161
Collier,Florida,377
Collin,Texas,303
Collingsworth,Texas,3
Colonial Heights,Virginia,21
Colorado,Texas,47
Colquitt,Georgia,138
Columbia,Arkansas,95
Columbia,Florida,118
Columbia,Georgia,70
Columbia,New York,32
Columbia,Oregon,31
Columbia,Pennsylvania,41
Columbia,Washington,5
Columbia,Wisconsin,24
Columbiana,Ohio,34
Columbus,North Carolina,218
Colusa,California,35
Comal,Texas,88
Comanche,Kansas,2
Comanche,Oklahoma,299
Comanche,Texas,18
Concho,Texas,5
Concordia,Louisiana,36
Conecuh,Alabama,21
Conejos,Colorado,12
Contra Costa,California,2569
Converse,Wyoming,16
Conway,Arkansas,49
Cook,Georgia,42
Cook,Illinois,22338
Cook,Minnesota,3
Cooke,Texas,67
Cooper,Missouri,17
Coos,New Hampshire,18
Coos,Oregon,87
Coosa,Alabama,38
Copiah,Mississippi,22
Cortland,New York,15
Coryell,Texas,45
Coshocton,Ohio,21
Costilla,Colorado,2
Cottle,Texas,3
Cotton,Oklahoma,16
Cottonwood,Minnesota,5
Covington,Alabama,50
Covington,Mississippi,30
Covington,Virginia,19
Coweta,Georgia,104
Cowley,Kansas,23
Cowlitz,Washington,108
Craig,Oklahoma,40
Craig,Virginia,8
Craighead,Arkansas,137
Crane,Texas,5
Craven,North Carolina,146
Crawford,Arkansas,54
Crawford,Georgia,7
Crawford,Illinois,3
Crawford,Indiana,12
Crawford,Iowa,7
Crawford,Kansas,47
Crawford,Michigan,10
Crawford,Missouri,26
Crawford,Ohio,26
Crawford,Pennsylvania,66
Crawford,Wisconsin,6
Creek,Oklahoma,121
Crenshaw,Alabama,42
Crisp,Georgia,83
Crittenden,Arkansas,323
Crittenden,Kentucky,4
Crockett,Tennessee,31
Crockett,Texas,11
Crook,Oregon,12
Crook,Wyoming,10
Crosby,Texas,17
Cross,Arkansas,47
Crow Wing,Minnesota,28
Crowley,Colorado,4
Culberson,Texas,15
Cullman,Alabama,51
Culpeper,Virginia,41
Cumberland,Illinois,2
Cumberland,Kentucky,9
Cumberland,Maine,159
Cumberland,New Jersey,289
Cumberland,North Carolina,1138
Cumberland,Pennsylvania,114
Cumberland,Tennessee,55
Cumberland,Virginia,27
Cuming,Nebraska,2
Currituck,North Carolina,24
Curry,New Mexico,88
Curry,Oregon,28
Custer,Colorado,3
Custer,Idaho,7
Custer,Montana,12
Custer,Nebraska,3
Custer,Oklahoma,56
Custer,South Dakota,3
Cuyahoga,Ohio,4823
Dade,Florida,9054
Dade,Georgia,17
Dade,Missouri,6
Daggett,Utah,4
Dakota,Minnesota,94
Dakota,Nebraska,16
Dale,Alabama,76
Dallam,Texas,17
Dallas,Alabama,172
Dallas,Arkansas,31
Dallas,Iowa,12
Dallas,Missouri,14
Dallas,Texas,11148
Dane,Wisconsin,253
Daniels,Montana,1
Danville,Virginia,206
Dare,North Carolina,42
Darke,Ohio,31
Darlington,South Carolina,253
Dauphin,Pennsylvania,546
Davidson,North Carolina,217
Davidson,Tennessee,2889
Davie,North Carolina,43
Daviess,Indiana,20
Daviess,Kentucky,71
Daviess,Missouri,13
Davis,Iowa,5
Davis,Utah,109
Davison,South Dakota,5
Dawes,Nebraska,3
Dawson,Georgia,19
Dawson,Montana,6
Dawson,Nebraska,24
Dawson,Texas,29
Day,South Dakota,3
De Kalb,Alabama,46
De Kalb,Georgia,2162
De Kalb,Indiana,36
De Kalb,Missouri,2
De Soto,Florida,81
De Soto,Louisiana,32
De Witt,Illinois,4
De Witt,Texas,21
DeKalb,Illinois,13
DeKalb,Tennessee,29
DeSoto,Mississippi,75
Deaf Smith,Texas,23
Dearborn,Indiana,16
Decatur,Georgia,71
Decatur,Indiana,30
Decatur,Iowa,3
Decatur,Kansas,2
Decatur,Tennessee,10
Deer Lodge,Montana,12
Defiance,Ohio,15
Del Norte,California,59
Delaware,Indiana,135
Delaware,Iowa,2
Delaware,New York,32
Delaware,Ohio,46
Delaware,Oklahoma,60
Delaware,Pennsylvania,999
Delta,Colorado,24
Delta,Michigan,13
Delta,Texas,9
Dent,Missouri,19
Denton,Texas,290
Denver,Colorado,2365
Des Moines,Iowa,33
Deschutes,Oregon,93
Desha,Arkansas,55
Deuel,Nebraska,2
Deuel,South Dakota,4
Dewey,Oklahoma,5
Dickens,Texas,6
Dickenson,Virginia,54
Dickey,North Dakota,2
Dickinson,Iowa,7
Dickinson,Kansas,11
Dickinson,Michigan,11
Dickson,Tennessee,42
Dillingham,Alaska,11
Dillon,South Carolina,177
Dimmit,Texas,33
Dinwiddie,Virginia,94
District of Columbia,District of Columbia,7115
Divide,North Dakota,1
Dixie,Florida,31
Doddridge,West Virginia,8
Dodge,Georgia,32
Dodge,Minnesota,7
Dodge,Nebraska,12
Dodge,Wisconsin,28
Dona Ana,New Mexico,244
Doniphan,Kansas,3
Donley,Texas,6
Dooly,Georgia,16
Door,Wisconsin,12
Dorchester,Maryland,71
Dorchester,South Carolina,153
Dougherty,Georgia,437
Douglas,Colorado,75
Douglas,Georgia,133
Douglas,Illinois,3
Douglas,Kansas,60
Douglas,Minnesota,14
Douglas,Missouri,16
Douglas,Nebraska,596
Douglas,Nevada,24
Douglas,Oregon,101
Douglas,South Dakota,1
Douglas,Washington,32
Douglas,Wisconsin,32
Drew,Arkansas,49
DuPage,Illinois,105
Dubois,Indiana,16
Dubuque,Iowa,25
Duchesne,Utah,16
Dukes,Massachusetts,4
Dundy,Nebraska,2
Dunklin,Missouri,48
Dunn,North Dakota,2
Dunn,Wisconsin,10
Duplin,North Carolina,183
Durham,North Carolina,904
Dutchess,New York,270
Duval,Florida,3295
Duval,Texas,42
Dyer,Tennessee,63
Eagle,Colorado,20
Early,Georgia,19
East Baton Rouge,Louisiana,2472
East Carroll,Louisiana,36
East Feliciana,Louisiana,32
Eastland,Texas,25
Eaton,Michigan,42
Eau Claire,Wisconsin,42
Echols,Georgia,4
Ector,Texas,424
Eddy,New Mexico,89
Eddy,North Dakota,1
Edgar,Illinois,5
Edgecombe,North Carolina,122
Edgefield,South Carolina,68
Edmonson,Kentucky,9
Edmunds,South Dakota,9
Edwards,Kansas,2
Edwards,Texas,14
Effingham,Georgia,14
Effingham,Illinois,3
El Dorado,California,219
El Paso,Colorado,831
El Paso,Texas,1161
Elbert,Colorado,5
Elbert,Georgia,52
Elk,Kansas,3
Elk,Pennsylvania,33
Elkhart,Indiana,230
Elko,Nevada,76
Elliott,Kentucky,16
Ellis,Kansas,11
Ellis,Oklahoma,2
Ellis,Texas,204
Ellsworth,Kansas,4
Elmore,Alabama,116
Elmore,Idaho,21
Emanuel,Georgia,52
Emery,Utah,10
Emmet,Iowa,4
Emmet,Michigan,10
Emporia,Virginia,27
Erath,Texas,38
Erie,New York,1853
Erie,Ohio,67
Erie,Pennsylvania,273
Escambia,Alabama,68
Escambia,Florida,679
Esmeralda,Nevada,3
Essex,Massachusetts,464
Essex,New Jersey,4812
Essex,New York,22
Essex,Vermont,1
Essex,Virginia,30
Estill,Kentucky,20
Etowah,Alabama,249
Eureka,Nevada,2
Evangeline,Louisiana,53
Evans,Georgia,8
Fairbanks North Star,Alaska,101
Fairfax,Virginia,547
Fairfield,Connecticut,1555
Fairfield,Ohio,34
Fairfield,South Carolina,83
Fall River,South Dakota,5
Fallon,Montana,1
Falls,Texas,45
Falls Church,Virginia,12
Fannin,Georgia,25
Fannin,Texas,48
Faribault,Minnesota,6
Faulk,South Dakota,1
Faulkner,Arkansas,105
Fauquier,Virginia,64
Fayette,Alabama,18
Fayette,Georgia,39
Fayette,Illinois,2
Fayette,Indiana,14
Fayette,Iowa,2
Fayette,Kentucky,552
Fayette,Ohio,18
Fayette,Pennsylvania,201
Fayette,Tennessee,41
Fayette,Texas,25
Fayette,West Virginia,112
Fentress,Tennessee,19
Fergus,Montana,6
Ferry,Washington,17
Fillmore,Minnesota,9
Fillmore,Nebraska,3
Finney,Kansas,56
Fisher,Texas,7
Flagler,Florida,56
Flathead,Montana,46
Fleming,Kentucky,8
Florence,South Carolina,407
Florence,Wisconsin,3
Floyd,Georgia,203
Floyd,Indiana,60
Floyd,Iowa,6
Floyd,Kentucky,62
Floyd,Texas,8
Floyd,Virginia,20
Fluvanna,Virginia,25
Foard,Texas,1
Fond du Lac,Wisconsin,38
Ford,Illinois,2
Ford,Kansas,54
Forest,Pennsylvania,12
Forest,Wisconsin,17
Forrest,Mississippi,191
Forsyth,Georgia,58
Forsyth,North Carolina,813
Fort Bend,Texas,474
Fountain,Indiana,8
Franklin,Alabama,33
Franklin,Arkansas,16
Franklin,Florida,23
Franklin,Georgia,37
Franklin,Idaho,6
Franklin,Illinois,18
Franklin,Indiana,21
Franklin,Iowa,6
Franklin,Kansas,17
Franklin,Kentucky,406
Franklin,Louisiana,38
Franklin,Maine,20
Franklin,Massachusetts,28
Franklin,Mississippi,15
Franklin,Missouri,96
Franklin,Nebraska,2
Franklin,New York,35
Franklin,North Carolina,124
Franklin,Ohio,3456
Franklin,Pennsylvania,112
Franklin,Tennessee,33
Franklin,Texas,17
Franklin,Vermont,14
Franklin,Virginia,91
Franklin,Washington,129
Frederick,Maryland,147
Frederick,Virginia,66
Fredericksburg,Virginia,48
Freeborn,Minnesota,11
Freestone,Texas,39
Fremont,Colorado,44
Fremont,Idaho,6
Fremont,Iowa,4
Fremont,Wyoming,47
Fresno,California,2844
Frio,Texas,34
Fulton,Arkansas,19
Fulton,Georgia,6387
Fulton,Illinois,6
Fulton,Indiana,9
Fulton,Kentucky,15
Fulton,New York,23
Fulton,Ohio,25
Fulton,Pennsylvania,19
Furnas,Nebraska,3
Gadsden,Florida,148
Gage,Nebraska,16
Gaines,Texas,19
Galax,Virginia,21
Gallatin,Illinois,7
Gallatin,Kentucky,8
Gallatin,Montana,20
Gallia,Ohio,37
Galveston,Texas,797
Garden,Nebraska,1
Garfield,Colorado,34
Garfield,Nebraska,1
Garfield,Oklahoma,96
Garfield,Washington,1
Garland,Arkansas,247
Garrard,Kentucky,11
Garrett,Maryland,28
Garvin,Oklahoma,56
Garza,Texas,8
Gasconade,Missouri,3
Gaston,North Carolina,510
Gates,North Carolina,18
Geary,Kansas,59
Geauga,Ohio,28
Gem,Idaho,10
Genesee,Michigan,1875
Genesee,New York,29
Geneva,Alabama,48
Gentry,Missouri,1
George,Mississippi,13
Georgetown,South Carolina,125
Gibson,Indiana,15
Gibson,Tennessee,83
Gila,Arizona,64
Gilchrist,Florida,17
Giles,Tennessee,49
Giles,Virginia,21
Gillespie,Texas,18
Gilmer,Georgia,11
Gilmer,West Virginia,9
Gilpin,Colorado,11
Glacier,Montana,4
Glades,Florida,25
Gladwin,Michigan,16
Glascock,Georgia,2
Glasscock,Texas,2
Glenn,California,36
Gloucester,New Jersey,184
Gloucester,Virginia,37
Glynn,Georgia,201
Gogebic,Michigan,13
Golden Valley,Montana,1
Golden Valley,North Dakota,1
Goliad,Texas,10
Gonzales,Texas,66
Goochland,Virginia,35
Goodhue,Minnesota,18
Gooding,Idaho,12
Gordon,Georgia,52
Goshen,Wyoming,8
Gosper,Nebraska,1
Gove,Kansas,2
Grady,Georgia,41
Grady,Oklahoma,91
Grafton,New Hampshire,42
Graham,Arizona,23
Graham,Kansas,1
Graham,North Carolina,6
Grainger,Tennessee,31
Grand,Colorado,12
Grand,Utah,17
Grand Forks,North Dakota,31
Grand Isle,Vermont,7
Grand Traverse,Michigan,22
Granite,Montana,2
Grant,Arkansas,15
Grant,Indiana,77
Grant,Kansas,4
Grant,Kentucky,18
Grant,Louisiana,42
Grant,Minnesota,2
Grant,New Mexico,37
Grant,Oklahoma,4
Grant,Oregon,20
Grant,Washington,119
Grant,West Virginia,12
Grant,Wisconsin,20
Granville,North Carolina,109
Gratiot,Michigan,14
Graves,Kentucky,37
Gray,Texas,57
Grays Harbor,Washington,107
Grayson,Kentucky,20
Grayson,Texas,199
Grayson,Virginia,28
Greeley,Kansas,1
Green,Kentucky,5
Green,Wisconsin,10
Green Lake,Wisconsin,9
Greenbrier,West Virginia,40
Greene,Alabama,45
Greene,Arkansas,44
Greene,Georgia,24
Greene,Illinois,6
Greene,Indiana,33
Greene,Mississippi,9
Greene,Missouri,305
Greene,New York,42
Greene,North Carolina,49
Greene,Ohio,87
Greene,Pennsylvania,40
Greene,Tennessee,76
Greene,Virginia,33
Greenlee,Arizona,5
Greensville,Virginia,26
Greenup,Kentucky,21
Greenville,South Carolina,1014
Greenwood,Kansas,9
Greenwood,South Carolina,172
Greer,Oklahoma,17
Gregg,Texas,460
Grenada,Mississippi,84
Griggs,North Dakota,2
Grimes,Texas,55
Grundy,Illinois,8
Grundy,Iowa,4
Grundy,Missouri,7
Grundy,Tennessee,24
Guadalupe,New Mexico,12
Guadalupe,Texas,133
Guernsey,Ohio,17
Guilford,North Carolina,1245
Gulf,Florida,14
Gunnison,Colorado,7
Guthrie,Iowa,3
Gwinnett,Georgia,655
Habersham,Georgia,22
Haines,Alaska,1
Hale,Alabama,22
Hale,Texas,54
Halifax,North Carolina,250
Halifax,Virginia,121
Hall,Georgia,191
Hall,Nebraska,41
Hall,Texas,9
Hamblen,Tennessee,90
Hamilton,Florida,23
Hamilton,Indiana,48
Hamilton,Iowa,9
Hamilton,Kansas,4
Hamilton,Nebraska,8
Hamilton,New York,3
Hamilton,Ohio,2101
Hamilton,Tennessee,801
Hamilton,Texas,22
Hamlin,South Dakota,1
Hampden,Massachusetts,645
Hampshire,Massachusetts,52
Hampshire,West Virginia,30
Hampton,South Carolina,49
Hampton,Virginia,389
Hancock,Georgia,18
Hancock,Illinois,3
Hancock,Indiana,11
Hancock,Iowa,7
Hancock,Kentucky,3
Hancock,Maine,32
Hancock,Mississippi,51
Hancock,Ohio,8
Hancock,Tennessee,7
Hancock,West Virginia,22
Hanover,Virginia,93
Hansford,Texas,3
Hanson,South Dakota,1
Haralson,Georgia,30
Hardee,Florida,57
Hardeman,Tennessee,63
Hardeman,Texas,6
Hardin,Illinois,3
Hardin,Iowa,7
Hardin,Kentucky,108
Hardin,Ohio,16
Hardin,Tennessee,43
Hardin,Texas,63
Harding,New Mexico,1
Harding,South Dakota,1
Hardy,West Virginia,28
Harford,Maryland,203
Harlan,Kentucky,90
Harlan,Nebraska,1
Harmon,Oklahoma,8
Harnett,North Carolina,253
Harney,Oregon,9
Harper,Kansas,3
Harper,Oklahoma,2
Harris,Georgia,31
Harris,Texas,16300
Harrison,Indiana,34
Harrison,Iowa,10
Harrison,Kentucky,14
Harrison,Mississippi,439
Harrison,Missouri,8
Harrison,Ohio,13
Harrison,Texas,200
Harrison,West Virginia,114
Harrisonburg,Virginia,38
Hart,Georgia,19
Hart,Kentucky,25
Hartford,Connecticut,1444
Hartley,Texas,3
Harvey,Kansas,10
Haskell,Kansas,2
Haskell,Oklahoma,23
Haskell,Texas,10
Hawaii,Hawaii,210
Hawkins,Tennessee,43
Hays,Texas,116
Haywood,North Carolina,50
Haywood,Tennessee,45
Heard,Georgia,5
Hemphill,Texas,8
Hempstead,Arkansas,58
Henderson,Illinois,1
Henderson,Kentucky,49
Henderson,North Carolina,132
Henderson,Tennessee,41
Henderson,Texas,173
Hendricks,Indiana,19
Hendry,Florida,118
Hennepin,Minnesota,1898
Henrico,Virginia,478
Henry,Alabama,30
Henry,Georgia,118
Henry,Illinois,2
Henry,Indiana,64
Henry,Iowa,12
Henry,Kentucky,23
Henry,Missouri,19
Henry,Ohio,14
Henry,Tennessee,41
Henry,Virginia,225
Herkimer,New York,27
Hernando,Florida,172
Hertford,North Carolina,73
Hettinger,North Dakota,1
Hickman,Kentucky,9
Hickman,Tennessee,24
Hickory,Missouri,4
Hidalgo,New Mexico,2
Hidalgo,Texas,1157
Highland,Ohio,15
Highland,Virginia,4
Highlands,Florida,158
Hill,Montana,15
Hill,Texas,81
Hillsborough,Florida,2597
Hillsborough,New Hampshire,231
Hillsdale,Michigan,35
Hinds,Mississippi,1987
Hinsdale,Colorado,6
Hitchcock,Nebraska,3
Hocking,Ohio,20
Hockley,Texas,29
Hoke,North Carolina,100
Holmes,Florida,28
Holmes,Mississippi,38
Holmes,Ohio,7
Holt,Missouri,3
Holt,Nebraska,2
Honolulu,Hawaii,976
Hood,Texas,38
Hood River,Oregon,17
Hopewell,Virginia,77
Hopkins,Kentucky,83
Hopkins,Texas,54
Horry,South Carolina,599
Hot Spring,Arkansas,70
Hot Springs,Wyoming,13
Houghton,Michigan,17
Houston,Alabama,192
Houston,Georgia,205
Houston,Minnesota,7
Houston,Tennessee,19
Houston,Texas,74
Howard,Arkansas,21
Howard,Indiana,111
Howard,Iowa,2
Howard,Maryland,184
Howard,Missouri,11
Howard,Nebraska,4
Howard,Texas,105
Howell,Missouri,42
Hubbard,Minnesota,13
Hudson,New Jersey,1413
Hudspeth,Texas,11
Huerfano,Colorado,11
Hughes,Oklahoma,21
Hughes,South Dakota,72
Humboldt,California,274
Humboldt,Iowa,1
Humboldt,Nevada,37
Humphreys,Mississippi,22
Humphreys,Tennessee,20
Hunt,Texas,178
Hunterdon,New Jersey,45
Huntingdon,Pennsylvania,47
Huntington,Indiana,20
Huron,Michigan,19
Huron,Ohio,20
Hutchinson,South Dakota,5
Hutchinson,Texas,27
Hyde,North Carolina,11
Hyde,South Dakota,1
Iberia,Louisiana,103
Iberville,Louisiana,86
Ida,Iowa,1
Idaho,Idaho,18
Imperial,California,248
Independence,Arkansas,51
Indian River,Florida,152
Indiana,Pennsylvania,76
Ingham,Michigan,466
Inyo,California,28
Ionia,Michigan,48
Iosco,Michigan,22
Iowa,Iowa,8
Iowa,Wisconsin,12
Iredell,North Carolina,212
Irion,Texas,5
Iron,Michigan,7
Iron,Missouri,14
Iron,Utah,31
Iron,Wisconsin,9
Iroquois,Illinois,5
Irwin,Georgia,20
Isabella,Michigan,35
Isanti,Minnesota,7
Island,Washington,31
Isle of Wight,Virginia,50
Itasca,Minnesota,20
Itawamba,Mississippi,25
Izard,Arkansas,8
Jack,Texas,12
Jackson,Alabama,82
Jackson,Arkansas,51
Jackson,Colorado,2
Jackson,Florida,85
Jackson,Georgia,69
Jackson,Illinois,37
Jackson,Indiana,21
Jackson,Iowa,5
Jackson,Kansas,10
Jackson,Kentucky,18
Jackson,Louisiana,26
Jackson,Michigan,264
Jackson,Minnesota,6
Jackson,Mississippi,232
Jackson,Missouri,4287
Jackson,North Carolina,30
Jackson,Ohio,11
Jackson,Oklahoma,64
Jackson,Oregon,182
Jackson,South Dakota,1
Jackson,Tennessee,7
Jackson,Texas,29
Jackson,West Virginia,28
Jackson,Wisconsin,17
James City,Virginia,57
Jasper,Georgia,17
Jasper,Illinois,1
Jasper,Indiana,2
Jasper,Iowa,16
Jasper,Mississippi,5
Jasper,Missouri,141
Jasper,South Carolina,124
Jasper,Texas,64
Jay,Indiana,6
Jeff Davis,Georgia,27
Jeff Davis,Texas,4
Jefferson,Alabama,3506
Jefferson,Arkansas,508
Jefferson,Colorado,369
Jefferson,Florida,34
Jefferson,Georgia,45
Jefferson,Idaho,13
Jefferson,Illinois,27
Jefferson,Indiana,19
Jefferson,Iowa,2
Jefferson,Kansas,11
Jefferson,Kentucky,1935
Jefferson,Louisiana,1700
Jefferson,Mississippi,8
Jefferson,Missouri,143
Jefferson,Montana,1
Jefferson,Nebraska,5
Jefferson,New York,66
Jefferson,Ohio,61
Jefferson,Oklahoma,20
Jefferson,Oregon,23
Jefferson,Pennsylvania,41
Jefferson,Tennessee,21
Jefferson,Texas,925
Jefferson,Washington,17
Jefferson,West Virginia,40
Jefferson,Wisconsin,33
Jefferson Davis,Louisiana,74
Jefferson Davis,Mississippi,30
Jenkins,Georgia,19
Jennings,Indiana,29
Jerome,Idaho,15
Jersey,Illinois,4
Jessamine,Kentucky,26
Jewell,Kansas,2
Jim Hogg,Texas,4
Jim Wells,Texas,96
Jo Daviess,Illinois,1
Johnson,Arkansas,27
Johnson,Georgia,9
Johnson,Illinois,3
Johnson,Indiana,39
Johnson,Iowa,53
Johnson,Kansas,183
Johnson,Kentucky,34
Johnson,Missouri,32
Johnson,Tennessee,19
Johnson,Texas,135
Johnson,Wyoming,8
Johnston,North Carolina,275
Johnston,Oklahoma,24
Jones,Georgia,31
Jones,Iowa,3
Jones,Mississippi,145
Jones,North Carolina,14
Jones,Texas,36
Josephine,Oregon,128
Juab,Utah,2
Juneau,Alaska,674
Juneau,Wisconsin,21
Juniata,Pennsylvania,18
Kalamazoo,Michigan,296
Kalkaska,Michigan,11
Kanabec,Minnesota,11
Kanawha,West Virginia,502
Kandiyohi,Minnesota,25
Kane,Illinois,233
Kane,Utah,7
Kankakee,Illinois,128
Karnes,Texas,18
Kauai,Hawaii,54
Kaufman,Texas,193
Kay,Oklahoma,61
Kearney,Nebraska,2
Kearny,Kansas,4
Keith,Nebraska,5
Kemper,Mississippi,6
Kenai Peninsula,Alaska,15
Kendall,Illinois,4
Kendall,Texas,27
Kenedy,Texas,3
Kennebec,Maine,74
Kenosha,Wisconsin,156
Kent,Delaware,169
Kent,Maryland,15
Kent,Michigan,801
Kent,Rhodes Island,96
Kent,Texas,4
Kenton,Kentucky,116
Keokuk,Iowa,4
Kern,California,2250
Kerr,Texas,85
Kershaw,South Carolina,113
Ketchikan Gateway,Alaska,17
Kewaunee,Wisconsin,10
Keweenaw,Michigan,1
Kimball,Nebraska,2
Kimble,Texas,9
King,Washington,2723
King George,Virginia,31
King William,Virginia,12
King and Queen,Virginia,12
Kingfisher,Oklahoma,10
Kingman,Kansas,2
Kings,California,194
Kings,New York,1
Kinney,Texas,5
Kiowa,Kansas,4
Kiowa,Oklahoma,22
Kit Carson,Colorado,6
Kitsap,Washington,171
Kittitas,Washington,20
Kittson,Minnesota,6
Klamath,Oregon,138
Kleberg,Texas,73
Klickitat,Washington,25
Knott,Kentucky,26
Knox,Illinois,31
Knox,Indiana,23
Knox,Kentucky,63
Knox,Maine,22
Knox,Nebraska,9
Knox,Ohio,1
Knox,Tennessee,1044
Knox,Texas,3
Kodiak Island,Alaska,7
Koochiching,Minnesota,4
Kootenai,Idaho,96
Kosciusko,Indiana,21
Kossuth,Iowa,3
La Crosse,Wisconsin,49
La Paz,Arizona,39
La Plata,Colorado,36
La Porte,Indiana,183
La Salle,Illinois,22
La Salle,Louisiana,23
La Salle,Texas,13
Labette,Kansas,16
Lackawanna,Pennsylvania,121
Laclede,Missouri,39
Lafayette,Arkansas,37
Lafayette,Florida,10
Lafayette,Louisiana,464
Lafayette,Mississippi,15
Lafayette,Missouri,37
Lafayette,Wisconsin,9
Lafourche,Louisiana,161
Lagrange,Indiana,13
Lake,California,145
Lake,Colorado,6
Lake,Florida,245
Lake,Illinois,219
Lake,Indiana,3094
Lake,Michigan,21
Lake,Minnesota,7
Lake,Montana,26
Lake,Ohio,73
Lake,Oregon,7
Lake,South Dakota,3
Lake,Tennessee,8
Lake of the Woods,Minnesota,1
Lamar,Alabama,3
Lamar,Georgia,29
Lamar,Mississippi,19
Lamar,Texas,115
Lamb,Texas,35
Lamoille,Vermont,18
Lampasas,Texas,26
Lancaster,Nebraska,200
Lancaster,Pennsylvania,358
Lancaster,South Carolina,175
Lancaster,Virginia,23
Lander,Nevada,10
Lane,Kansas,1
Lane,Oregon,293
Langlade,Wisconsin,9
Lanier,Georgia,15
Lapeer,Michigan,58
Laramie,Wyoming,89
Larimer,Colorado,159
Larue,Kentucky,12
Las Animas,Colorado,38
Lassen,California,53
Latah,Idaho,26
Latimer,Oklahoma,31
Lauderdale,Alabama,115
Lauderdale,Mississippi,293
Lauderdale,Tennessee,45
Laurel,Kentucky,105
Laurens,Georgia,87
Laurens,South Carolina,206
Lavaca,Texas,33
Lawrence,Alabama,43
Lawrence,Arkansas,14
Lawrence,Illinois,2
Lawrence,Indiana,47
Lawrence,Kentucky,11
Lawrence,Mississippi,11
Lawrence,Missouri,14
Lawrence,Ohio,21
Lawrence,Pennsylvania,126
Lawrence,South Dakota,12
Lawrence,Tennessee,64
Le Flore,Oklahoma,100
Le Sueur,Minnesota,11
Lea,New Mexico,173
Leake,Mississippi,6
Leavenworth,Kansas,60
Lebanon,Pennsylvania,101
Lee,Alabama,194
Lee,Arkansas,53
Lee,Florida,993
Lee,Georgia,15
Lee,Illinois,9
Lee,Iowa,19
Lee,Kentucky,27
Lee,Mississippi,122
Lee,North Carolina,180
Lee,South Carolina,53
Lee,Texas,24
Lee,Virginia,62
Leelanau,Michigan,6
Leflore,Mississippi,203
Lehigh,Pennsylvania,453
Lemhi,Idaho,6
Lenawee,Michigan,53
Lenoir,North Carolina,217
Leon,Florida,380
Leon,Texas,37
Leslie,Kentucky,50
Letcher,Kentucky,35
Levy,Florida,34
Lewis,Idaho,4
Lewis,Kentucky,11
Lewis,Missouri,6
Lewis,New York,10
Lewis,Tennessee,14
Lewis,Washington,95
Lewis,West Virginia,22
Lewis and Clark,Montana,29
Lexington,South Carolina,387
Lexington,Virginia,8
Liberty,Florida,5
Liberty,Georgia,109
Liberty,Texas,170
Licking,Ohio,55
Limestone,Alabama,71
Limestone,Texas,69
Lincoln,Arkansas,19
Lincoln,Colorado,7
Lincoln,Georgia,15
Lincoln,Idaho,7
Lincoln,Kansas,1
Lincoln,Kentucky,20
Lincoln,Louisiana,71
Lincoln,Maine,23
Lincoln,Minnesota,2
Lincoln,Mississippi,47
Lincoln,Missouri,11
Lincoln,Montana,19
Lincoln,Nebraska,26
Lincoln,Nevada,7
Lincoln,New Mexico,29
Lincoln,North Carolina,86
Lincoln,Oklahoma,49
Lincoln,Oregon,57
Lincoln,South Dakota,5
Lincoln,Tennessee,58
Lincoln,Washington,4
Lincoln,West Virginia,40
Lincoln,Wisconsin,13
Lincoln,Wyoming,21
Linn,Iowa,93
Linn,Kansas,5
Linn,Missouri,6
Linn,Oregon,102
Lipscomb,Texas,2
Litchfield,Connecticut,49
Little River,Arkansas,23
Live Oak,Texas,20
Livingston,Kentucky,15
Livingston,Louisiana,140
Livingston,Michigan,74
Livingston,Missouri,10
Livingston,New York,28
Llano,Texas,20
Logan,Arkansas,18
Logan,Colorado,13
Logan,Illinois,2
Logan,Kansas,1
Logan,Kentucky,26
Logan,Ohio,32
Logan,Oklahoma,51
Logan,West Virginia,105
Long,Georgia,15
Lonoke,Arkansas,70
Lorain,Ohio,220
Los Alamos,New Mexico,8
Los Angeles,California,44511
Loudon,Tennessee,34
Loudoun,Virginia,88
Louisa,Iowa,3
Louisa,Virginia,51
Loup,Nebraska,1
Love,Oklahoma,21
Lowndes,Alabama,50
Lowndes,Georgia,243
Lowndes,Mississippi,124
Lubbock,Texas,679
Lucas,Iowa,6
Lucas,Ohio,1145
Luce,Michigan,8
Lumpkin,Georgia,27
Luna,New Mexico,47
Lunenburg,Virginia,30
Luzerne,Pennsylvania,369
Lycoming,Pennsylvania,77
Lyman,South Dakota,1
Lynchburg,Virginia,196
Lynn,Texas,13
Lyon,Iowa,3
Lyon,Kansas,31
Lyon,Kentucky,10
Lyon,Minnesota,4
Lyon,Nevada,49
Mackinac,Michigan,7
Macomb,Michigan,589
Macon,Alabama,120
Macon,Georgia,18
Macon,Illinois,81
Macon,Missouri,20
Macon,North Carolina,23
Macon,Tennessee,24
Macoupin,Illinois,5
Madera,California,325
Madison,Alabama,543
Madison,Arkansas,18
Madison,Florida,51
Madison,Georgia,11
Madison,Idaho,7
Madison,Illinois,167
Madison,Indiana,119
Madison,Iowa,5
Madison,Kentucky,103
Madison,Louisiana,63
Madison,Mississippi,122
Madison,Missouri,10
Madison,Montana,4
Madison,Nebraska,37
Madison,New York,29
Madison,North Carolina,11
Madison,Ohio,9
Madison,Tennessee,347
Madison,Texas,37
Madison,Virginia,20
Magoffin,Kentucky,19
Mahaska,Iowa,8
Mahnomen,Minnesota,6
Mahoning,Ohio,1119
Major,Oklahoma,5
Malheur,Oregon,36
Manassas,Virginia,44
Manassas Park,Virginia,7
Manatee,Florida,517
Manistee,Michigan,18
Manitowoc,Wisconsin,35
Marathon,Wisconsin,56
Marengo,Alabama,41
Maricopa,Arizona,8582
Maries,Missouri,5
Marin,California,170
Marinette,Wisconsin,27
Marion,Alabama,21
Marion,Arkansas,12
Marion,Florida,499
Marion,Georgia,7
Marion,Illinois,10
Marion,Indiana,3849
Marion,Iowa,10
Marion,Kansas,2
Marion,Kentucky,32
Marion,Mississippi,44
Marion,Missouri,27
Marion,Ohio,45
Marion,Oregon,377
Marion,South Carolina,134
Marion,Tennessee,36
Marion,Texas,63
Marion,West Virginia,73
Mariposa,California,33
Marlboro,South Carolina,161
Marquette,Michigan,35
Marquette,Wisconsin,4
Marshall,Alabama,97
Marshall,Illinois,5
Marshall,Indiana,16
Marshall,Iowa,24
Marshall,Kansas,5
Marshall,Kentucky,32
Marshall,Mississippi,41
Marshall,Oklahoma,20
Marshall,South Dakota,1
Marshall,Tennessee,16
Marshall,West Virginia,40
Martin,Florida,156
Martin,Indiana,16
Martin,Kentucky,10
Martin,Minnesota,2
Martin,North Carolina,74
Martin,Texas,7
Martinsville,Virginia,90
Mason,Illinois,3
Mason,Kentucky,8
Mason,Michigan,21
Mason,Texas,5
Mason,Washington,74
Mason,West Virginia,40
Massac,Illinois,7
Matagorda,Texas,126
Matanuska-Susitna,Alaska,10
Mathews,Virginia,15
Maui,Hawaii,98
Maury,Tennessee,170
Maverick,Texas,49
Mayes,Oklahoma,58
McClain,Oklahoma,37
McCone,Montana,1
McCook,South Dakota,1
McCormick,South Carolina,26
McCracken,Kentucky,125
McCreary,Kentucky,27
McCulloch,Texas,11
McCurtain,Oklahoma,187
McDonald,Missouri,27
McDonough,Illinois,5
McDowell,North Carolina,85
McDowell,West Virginia,120
McDuffie,Georgia,37
McHenry,Illinois,25
McHenry,North Dakota,3
McIntosh,Georgia,23
McIntosh,North Dakota,3
McIntosh,Oklahoma,49
McKean,Pennsylvania,22
McKenzie,North Dakota,6
McKinley,New Mexico,121
McLean,Illinois,47
McLean,Kentucky,4
McLean,North Dakota,1
McLennan,Texas,667
McLeod,Minnesota,12
McMinn,Tennessee,81
McMullen,Texas,2
McNairy,Tennessee,15
McPherson,Kansas,10
Meade,Kansas,2
Meade,Kentucky,13
Meade,South Dakota,10
Meagher,Montana,3
Mecklenburg,North Carolina,2660
Mecklenburg,Virginia,98
Mecosta,Michigan,20
Medina,Ohio,27
Medina,Texas,71
Meeker,Minnesota,8
Meigs,Ohio,8
Meigs,Tennessee,13
Menard,Illinois,2
Menard,Texas,5
Mendocino,California,219
Menifee,Kentucky,6
Menominee,Michigan,18
Menominee,Wisconsin,12
Merced,California,546
Mercer,Illinois,8
Mercer,Kentucky,23
Mercer,Missouri,8
Mercer,New Jersey,843
Mercer,North Dakota,3
Mercer,Ohio,10
Mercer,Pennsylvania,78
Mercer,West Virginia,186
Meriwether,Georgia,44
Merrick,Nebraska,7
Merrimack,New Hampshire,76
Mesa,Colorado,149
Metcalfe,Kentucky,7
Miami,Indiana,13
Miami,Kansas,17
Miami,Ohio,54
Miami-Dade,Florida,523
Middlesex,Connecticut,60
Middlesex,Massachusetts,606
Middlesex,New Jersey,520
Middlesex,Virginia,19
Midland,Michigan,31
Midland,Texas,228
Mifflin,Pennsylvania,23
Milam,Texas,51
Millard,Utah,13
Mille Lacs,Minnesota,20
Miller,Arkansas,129
Miller,Georgia,4
Miller,Missouri,16
Mills,Iowa,5
Mills,Texas,4
Milwaukee,Wisconsin,3808
Miner,South Dakota,6
Mineral,Colorado,2
Mineral,Montana,3
Mineral,Nevada,12
Mineral,West Virginia,25
Mingo,West Virginia,99
Minidoka,Idaho,15
Minnehaha,South Dakota,100
Missaukee,Michigan,5
Mississippi,Arkansas,257
Mississippi,Missouri,25
Missoula,Montana,56
Mitchell,Georgia,56
Mitchell,Kansas,5
Mitchell,North Carolina,2
Mitchell,Texas,19
Mobile,Alabama,1658
Modoc,California,25
Moffat,Colorado,17
Mohave,Arizona,348
Moniteau,Missouri,5
Monmouth,New Jersey,413
Mono,California,7
Monona,Iowa,1
Monongalia,West Virginia,71
Monroe,Alabama,58
Monroe,Arkansas,45
Monroe,Florida,163
Monroe,Georgia,32
Monroe,Illinois,4
Monroe,Indiana,74
Monroe,Iowa,4
Monroe,Kentucky,10
Monroe,Michigan,130
Monroe,Mississippi,35
Monroe,Missouri,1
Monroe,New York,1639
Monroe,Ohio,5
Monroe,Pennsylvania,141
Monroe,Tennessee,51
Monroe,West Virginia,21
Monroe,Wisconsin,34
Montague,Texas,33
Montcalm,Michigan,62
Monterey,California,1057
Montezuma,Colorado,37
Montgomery,Alabama,930
Montgomery,Arkansas,16
Montgomery,Georgia,2
Montgomery,Illinois,4
Montgomery,Indiana,20
Montgomery,Iowa,8
Montgomery,Kansas,52
Montgomery,Kentucky,26
Montgomery,Maryland,716
Montgomery,Mississippi,29
Montgomery,Missouri,9
Montgomery,New York,23
Montgomery,North Carolina,81
Montgomery,Ohio,1726
Montgomery,Pennsylvania,531
Montgomery,Tennessee,248
Montgomery,Texas,494
Montgomery,Virginia,120
Montmorency,Michigan,13
Montour,Pennsylvania,6
Montrose,Colorado,28
Moody,South Dakota,2
Moore,North Carolina,170
Moore,Tennessee,4
Moore,Texas,22
Mora,New Mexico,1
Morehouse,Louisiana,69
Morgan,Alabama,172
Morgan,Colorado,22
Morgan,Georgia,8
Morgan,Illinois,8
Morgan,Indiana,28
Morgan,Kentucky,10
Morgan,Missouri,20
Morgan,Ohio,7
Morgan,Tennessee,26
Morgan,Utah,6
Morgan,West Virginia,21
Morris,Kansas,2
Morris,New Jersey,168
Morris,Texas,44
Morrison,Minnesota,17
Morrow,Ohio,21
Morrow,Oregon,9
Morton,Kansas,3
Morton,North Dakota,15
Motley,Texas,4
Moultrie,Illinois,1
Mountrail,North Dakota,7
Mower,Minnesota,24
Muhlenberg,Kentucky,24
Multnomah,Oregon,1514
Murray,Georgia,36
Murray,Minnesota,3
Murray,Oklahoma,15
Muscatine,Iowa,33
Muscogee,Georgia,677
Muskegon,Michigan,238
Muskingum,Ohio,94
Muskogee,Oklahoma,226
Musselshell,Montana,3
Nacogdoches,Texas,131
Nantucket,Massachusetts,3
Napa,California,114
Nash,North Carolina,452
Nassau,Florida,98
Nassau,New York,952
Natchitoches,Louisiana,122
Natrona,Wyoming,97
Navajo,Arizona,105
Navarro,Texas,106
Nelson,Kentucky,39
Nelson,North Dakota,2
Nelson,Virginia,20
Nemaha,Kansas,3
Nemaha,Nebraska,4
Neosho,Kansas,8
Neshoba,Mississippi,16
Nevada,Arkansas,18
Nevada,California,105
New Castle,Delaware,826
New Hanover,North Carolina,350
New Haven,Connecticut,1569
New Kent,Virginia,24
New London,Connecticut,178
New Madrid,Missouri,26
New York,New York,38431
Newaygo,Michigan,51
Newberry,South Carolina,82
Newport,Rhodes Island,49
Newport News,Virginia,742
Newton,Arkansas,11
Newton,Georgia,141
Newton,Indiana,26
Newton,Mississippi,38
Newton,Missouri,32
Newton,Texas,58
Nez Perce,Idaho,38
Niagara,New York,181
Nicholas,Kentucky,4
Nicholas,West Virginia,35
Nicollet,Minnesota,6
Niobrara,Wyoming,3
Noble,Indiana,14
Noble,Ohio,6
Noble,Oklahoma,18
Nobles,Minnesota,4
Nodaway,Missouri,15
Nolan,Texas,33
Nome,Alaska,16
Norfolk,Massachusetts,232
Norfolk,Virginia,1603
Norman,Minnesota,2
North Slope,Alaska,30
Northampton,North Carolina,81
Northampton,Pennsylvania,227
Northampton,Virginia,52
Northumberland,Pennsylvania,56
Northumberland,Virginia,13
Northwest Arctic,Alaska,11
Norton,Kansas,2
Norton,Virginia,9
Nottoway,Virginia,39
Nowata,Oklahoma,9
Noxubee,Mississippi,5
Nueces,Texas,965
Nye,Nevada,51
O'Brien,Iowa,5
Oakland,Michigan,1000
Obion,Tennessee,38
Ocean,New Jersey,261
Oceana,Michigan,29
Ochiltree,Texas,9
Oconee,Georgia,9
Oconee,South Carolina,133
Oconto,Wisconsin,26
Ogemaw,Michigan,26
Ogle,Illinois,2
Oglethorpe,Georgia,16
Ohio,Indiana,3
Ohio,Kentucky,19
Ohio,West Virginia,64
Okaloosa,Florida,163
Okanogan,Washington,64
Okeechobee,Florida,93
Okfuskee,Oklahoma,27
Oklahoma,Oklahoma,2788
Okmulgee,Oklahoma,115
Oktibbeha,Mississippi,51
Oldham,Kentucky,27
Oldham,Texas,10
Oliver,North Dakota,1
Olmsted,Minnesota,64
Oneida,Idaho,9
Oneida,New York,281
Oneida,Wisconsin,15
Onondaga,New York,617
Onslow,North Carolina,230
Ontario,New York,47
Ontonagon,Michigan,5
Orange,California,3812
Orange,Florida,2177
Orange,Indiana,19
Orange,New York,353
Orange,North Carolina,175
Orange,Texas,187
Orange,Vermont,10
Orange,Virginia,38
Orangeburg,South Carolina,410
Oregon,Missouri,20
Orleans,Louisiana,7847
Orleans,New York,39
Orleans,Vermont,17
Osage,Kansas,16
Osage,Missouri,5
Osage,Oklahoma,69
Osborne,Kansas,2
Osceola,Florida,253
Osceola,Michigan,24
Oscoda,Michigan,13
Oswego,New York,50
Otero,Colorado,26
Otero,New Mexico,67
Otoe,Nebraska,13
Otsego,Michigan,19
Otsego,New York,28
Ottawa,Michigan,79
Ottawa,Ohio,17
Ottawa,Oklahoma,48
Otter Tail,Minnesota,30
Ouachita,Arkansas,88
Ouachita,Louisiana,381
Outagamie,Wisconsin,57
Overton,Tennessee,22
Owen,Indiana,9
Owen,Kentucky,7
Owsley,Kentucky,18
Owyhee,Idaho,10
Oxford,Maine,38
Ozark,Missouri,29
Ozaukee,Wisconsin,22
Pacific,Washington,21
Page,Iowa,3
Page,Virginia,29
Palm Beach,Florida,2642
Palo Alto,Iowa,1
Palo Pinto,Texas,62
Pamlico,North Carolina,16
Panola,Mississippi,48
Panola,Texas,47
Park,Colorado,23
Park,Montana,5
Park,Wyoming,24
Parke,Indiana,6
Parker,Texas,106
Parmer,Texas,11
Pasco,Florida,483
Pasquotank,North Carolina,75
Passaic,New Jersey,955
Patrick,Virginia,30
Paulding,Georgia,56
Paulding,Ohio,8
Pawnee,Kansas,1
Pawnee,Nebraska,1
Pawnee,Oklahoma,29
Payette,Idaho,18
Payne,Oklahoma,76
Peach,Georgia,43
Pearl River,Mississippi,38
Pecos,Texas,41
Pembina,North Dakota,7
Pemiscot,Missouri,46
Pend Oreille,Washington,19
Pender,North Carolina,53
Pendleton,Kentucky,7
Pendleton,West Virginia,5
Pennington,Minnesota,5
Pennington,South Dakota,102
Penobscot,Maine,117
Peoria,Illinois,139
Pepin,Wisconsin,3
Perkins,South Dakota,1
Perquimans,North Carolina,26
Perry,Alabama,28
Perry,Arkansas,12
Perry,Illinois,8
Perry,Indiana,22
Perry,Kentucky,128
Perry,Mississippi,9
Perry,Missouri,16
Perry,Ohio,8
Perry,Pennsylvania,47
Perry,Tennessee,7
Pershing,Nevada,15
Person,North Carolina,80
Petersburg,Virginia,255
Pettis,Missouri,38
Phelps,Missouri,36
Philadelphia,Pennsylvania,12851
Phillips,Arkansas,146
Phillips,Colorado,3
Phillips,Montana,5
Pickaway,Ohio,27
Pickens,Alabama,30
Pickens,Georgia,12
Pickens,South Carolina,155
Pickett,Tennessee,5
Pierce,Georgia,14
Pierce,Nebraska,3
Pierce,North Dakota,1
Pierce,Washington,1310
Pierce,Wisconsin,16
Pike,Alabama,55
Pike,Arkansas,22
Pike,Georgia,21
Pike,Illinois,5
Pike,Indiana,22
Pike,Kentucky,123
Pike,Mississippi,67
Pike,Missouri,26
Pike,Ohio,19
Pike,Pennsylvania,36
Pima,Arizona,2429
Pinal,Arizona,427
Pine,Minnesota,12
Pinellas,Florida,1559
Piscataquis,Maine,17
Pitkin,Colorado,10
Pitt,North Carolina,338
Pittsburg,Oklahoma,87
Pittsylvania,Virginia,140
Piute,Utah,1
Placer,California,208
Plaquemines,Louisiana,56
Platte,Missouri,35
Platte,Nebraska,18
Platte,Wyoming,15
Pleasants,West Virginia,9
Plumas,California,48
Plymouth,Iowa,14
Plymouth,Massachusetts,324
Pocahontas,Iowa,4
Pocahontas,West Virginia,23
Poinsett,Arkansas,49
Pointe Coupee,Louisiana,29
Polk,Arkansas,30
Polk,Florida,1017
Polk,Georgia,60
Polk,Iowa,459
Polk,Minnesota,21
Polk,Missouri,21
Polk,North Carolina,25
Polk,Oregon,61
Polk,Tennessee,12
Polk,Texas,86
Polk,Wisconsin,26
Pondera,Montana,5
Pontotoc,Mississippi,6
Pontotoc,Oklahoma,63
Pope,Arkansas,66
Pope,Illinois,1
Pope,Minnesota,4
Poquoson,Virginia,8
Portage,Ohio,72
Portage,Wisconsin,28
Porter,Indiana,80
Portsmouth,Virginia,661
Posey,Indiana,16
Pottawatomie,Kansas,8
Pottawatomie,Oklahoma,142
Pottawattamie,Iowa,86
Potter,Pennsylvania,27
Potter,South Dakota,1
Potter,Texas,577
Powder River,Montana,1
Powell,Kentucky,18
Powell,Montana,2
Power,Idaho,8
Poweshiek,Iowa,7
Powhatan,Virginia,26
Prairie,Arkansas,16
Pratt,Kansas,5
Preble,Ohio,45
Prentiss,Mississippi,8
Presidio,Texas,22
Presque Isle,Michigan,7
Preston,West Virginia,23
Price,Wisconsin,11
Prince Edward,Virginia,64
Prince George,Virginia,35
Prince George's,Maryland,3642
Prince William,Virginia,269
Prince of Wales-Outer Ketchikan,Alaska,1
Providence,Rhodes Island,1009
Prowers,Colorado,15
Pueblo,Colorado,290
Pulaski,Arkansas,2130
Pulaski,Georgia,27
Pulaski,Illinois,7
Pulaski,Indiana,19
Pulaski,Kentucky,44
Pulaski,Missouri,59
Pulaski,Virginia,66
Pushmataha,Oklahoma,43
Putnam,Florida,172
Putnam,Georgia,26
Putnam,Illinois,1
Putnam,Indiana,12
Putnam,Missouri,1
Putnam,New York,42
Putnam,Ohio,10
Putnam,Tennessee,72
Putnam,West Virginia,47
Quay,New Mexico,19
Queen Anne's,Maryland,40
Queens,New York,6
Quitman,Georgia,8
Quitman,Mississippi,4
Rabun,Georgia,20
Racine,Wisconsin,279
Radford,Virginia,10
Rains,Texas,24
Raleigh,West Virginia,200
Ralls,Missouri,3
Ramsey,Minnesota,711
Ramsey,North Dakota,10
Randall,Texas,30
Randolph,Alabama,35
Randolph,Arkansas,17
Randolph,Georgia,11
Randolph,Illinois,6
Randolph,Indiana,12
Randolph,Missouri,22
Randolph,North Carolina,203
Randolph,West Virginia,35
Rankin,Mississippi,88
Ransom,North Dakota,2
Rapides,Louisiana,438
Rappahannock,Virginia,9
Ravalli,Montana,11
Rawlins,Kansas,1
Ray,Missouri,14
Reagan,Texas,4
Real,Texas,12
Red Lake,Minnesota,1
Red River,Louisiana,13
Red River,Texas,39
Red Willow,Nebraska,8
Redwood,Minnesota,7
Reeves,Texas,40
Refugio,Texas,7
Reno,Kansas,46
Rensselaer,New York,131
Renville,Minnesota,4
Renville,North Dakota,2
Repressed,Idaho,30
Repressed,Maryland,23
Repressed,Nebraska,4
Repressed,New Jersey,1
Repressed,North Carolina,19
Repressed,Oregon,5
Repressed,Virginia,9
Repressed,Wisconsin,1
Republic,Kansas,4
Reynolds,Missouri,12
Rhea,Tennessee,36
Rice,Kansas,7
Rice,Minnesota,22
Rich,Utah,1
Richardson,Nebraska,10
Richland,Illinois,6
Richland,Louisiana,12
Richland,North Dakota,5
Richland,Ohio,146
Richland,South Carolina,1159
Richland,Wisconsin,10
Richmond,Georgia,878
Richmond,North Carolina,206
Richmond,Virginia,2892
Riley,Kansas,47
Ringgold,Iowa,2
Rio Arriba,New Mexico,29
Rio Blanco,Colorado,13
Rio Grande,Colorado,25
Ripley,Indiana,23
Ripley,Missouri,25
Ritchie,West Virginia,28
Riverside,California,3893
Roane,Tennessee,72
Roane,West Virginia,29
Roanoke,Virginia,472
Roberts,South Dakota,3
Roberts,Texas,2
Robertson,Tennessee,120
Robertson,Texas,50
Robeson,North Carolina,694
Rock,Minnesota,2
Rock,Nebraska,1
Rock,Wisconsin,124
Rock Island,Illinois,48
Rockbridge,Virginia,23
Rockcastle,Kentucky,39
Rockdale,Georgia,90
Rockingham,New Hampshire,117
Rockingham,North Carolina,204
Rockingham,Virginia,54
Rockland,New York,161
Rockwall,Texas,28
Roger Mills,Oklahoma,5
Rogers,Oklahoma,59
Rolette,North Dakota,5
Rooks,Kansas,1
Roosevelt,Montana,12
Roosevelt,New Mexico,22
Roscommon,Michigan,16
Roseau,Minnesota,4
Rosebud,Montana,5
Ross,Ohio,42
Routt,Colorado,11
Rowan,Kentucky,55
Rowan,North Carolina,265
Runnels,Texas,15
Rush,Indiana,8
Rusk,Texas,141
Rusk,Wisconsin,7
Russell,Alabama,141
Russell,Kansas,8
Russell,Kentucky,19
Russell,Virginia,37
Rutherford,North Carolina,123
Rutherford,Tennessee,174
Rutland,Vermont,27
Sabine,Louisiana,39
Sabine,Texas,19
Sac,Iowa,3
Sacramento,California,3416
Sagadahoc,Maine,7
Saginaw,Michigan,818
Saguache,Colorado,17
Salem,New Jersey,80
Salem,Virginia,23
Saline,Arkansas,65
Saline,Illinois,9
Saline,Kansas,61
Saline,Missouri,43
Saline,Nebraska,8
Salt Lake,Utah,1157
Saluda,South Carolina,51
Sampson,North Carolina,155
San Augustine,Texas,29
San Benito,California,73
San Bernardino,California,5717
San Diego,California,5456
San Francisco,California,3016
San Jacinto,Texas,46
San Joaquin,California,2196
San Juan,Colorado,3
San Juan,New Mexico,203
San Juan,Utah,8
San Juan,Washington,12
San Luis Obispo,California,233
San Mateo,California,953
San Miguel,Colorado,1
San Miguel,New Mexico,50
San Patricio,Texas,117
San Saba,Texas,20
Sanborn,South Dakota,1
Sanders,Montana,11
Sandoval,New Mexico,67
Sandusky,Ohio,37
Sangamon,Illinois,141
Sanilac,Michigan,29
Sanpete,Utah,9
Santa Barbara,California,445
Santa Clara,California,2076
Santa Cruz,Arizona,42
Santa Cruz,California,375
Santa Fe,New Mexico,609
Santa Rosa,Florida,111
Sarasota,Florida,398
Saratoga,New York,61
Sargent,North Dakota,1
Sarpy,Nebraska,49
Sauk,Wisconsin,31
Saunders,Nebraska,10
Sawyer,Wisconsin,22
Schenectady,New York,172
Schleicher,Texas,3
Schley,Georgia,4
Schoharie,New York,12
Schoolcraft,Michigan,7
Schuyler,Illinois,1
Schuyler,Missouri,4
Schuyler,New York,13
Schuylkill,Pennsylvania,114
Scioto,Ohio,117
Scotland,Missouri,3
Scotland,North Carolina,164
Scott,Arkansas,20
Scott,Illinois,2
Scott,Indiana,35
Scott,Iowa,179
Scott,Kansas,3
Scott,Kentucky,20
Scott,Minnesota,23
Scott,Mississippi,22
Scott,Missouri,70
Scott,Tennessee,16
Scott,Virginia,45
Scotts Bluff,Nebraska,28
Screven,Georgia,23
Scurry,Texas,31
Searcy,Arkansas,9
Sebastian,Arkansas,198
Sedgwick,Colorado,3
Sedgwick,Kansas,755
Seminole,Florida,415
Seminole,Georgia,27
Seminole,Oklahoma,95
Seneca,New York,16
Seneca,Ohio,21
Sequatchie,Tennessee,15
Sequoyah,Oklahoma,92
Sevier,Arkansas,37
Sevier,Tennessee,62
Sevier,Utah,16
Seward,Kansas,50
Seward,Nebraska,5
Shackelford,Texas,8
Shannon,Missouri,7
Sharkey,Mississippi,3
Sharp,Arkansas,25
Shasta,California,297
Shawano,Wisconsin,15
Shawnee,Kansas,317
Sheboygan,Wisconsin,37
Shelby,Alabama,112
Shelby,Illinois,1
Shelby,Indiana,7
Shelby,Iowa,1
Shelby,Kentucky,31
Shelby,Missouri,1
Shelby,Ohio,22
Shelby,Tennessee,5615
Shelby,Texas,110
Shenandoah,Virginia,28
Sherburne,Minnesota,24
Sheridan,Montana,2
Sheridan,Nebraska,7
Sheridan,North Dakota,1
Sheridan,Wyoming,23
Sherman,Kansas,7
Sherman,Nebraska,1
Sherman,Oregon,4
Sherman,Texas,4
Shiawassee,Michigan,30
Shoshone,Idaho,27
Sibley,Minnesota,1
Sierra,California,16
Sierra,New Mexico,18
Silver Bow,Montana,27
Simpson,Kentucky,23
Simpson,Mississippi,44
Sioux,Iowa,4
Sioux,Nebraska,3
Sioux,North Dakota,2
Siskiyou,California,95
Sitka,Alaska,3
Skagit,Washington,103
Skagway-Hoonah-Angoon,Alaska,1
Skamania,Washington,21
Smith,Kansas,2
Smith,Mississippi,1
Smith,Tennessee,14
Smith,Texas,485
Smyth,Virginia,70
Snohomish,Washington,419
Snyder,Pennsylvania,18
Socorro,New Mexico,17
Solano,California,854
Somerset,Maine,53
Somerset,Maryland,57
Somerset,New Jersey,128
Somerset,Pennsylvania,66
Somervell,Texas,7
Sonoma,California,511
Southampton,Virginia,53
Spalding,Georgia,185
Spartanburg,South Carolina,705
Spencer,Indiana,12
Spencer,Kentucky,3
Spokane,Washington,614
Spotsylvania,Virginia,84
St. Bernard,Louisiana,30
St. Charles,Louisiana,114
St. Charles,Missouri,150
St. Clair,Alabama,78
St. Clair,Illinois,777
St. Clair,Michigan,115
St. Clair,Missouri,11
St. Croix,Wisconsin,24
St. Francis,Arkansas,129
St. Francois,Missouri,48
St. Helena,Louisiana,16
St. James,Louisiana,39
St. John the Baptist,Louisiana,134
St. Johns,Florida,181
St. Joseph,Indiana,616
St. Joseph,Michigan,53
St. Landry,Louisiana,153
St. Lawrence,New York,48
St. Louis,Minnesota,134
St. Louis,Missouri,1352
St. Louis city,Missouri,5955
St. Lucie,Florida,488
St. Martin,Louisiana,63
St. Mary,Louisiana,138
St. Mary's,Maryland,98
St. Tammany,Louisiana,303
Stafford,Kansas,1
Stafford,Virginia,86
Stanislaus,California,1016
Stanley,South Dakota,2
Stanly,North Carolina,94
Stanton,Kansas,5
Stanton,Nebraska,2
Stark,North Dakota,14
Stark,Ohio,476
Starke,Indiana,31
Starr,Texas,183
Staunton,Virginia,26
Ste. Genevieve,Missouri,30
Stearns,Minnesota,62
Steele,Minnesota,8
Steele,North Dakota,1
Stephens,Georgia,45
Stephens,Oklahoma,67
Stephens,Texas,17
Stephenson,Illinois,21
Steuben,Indiana,31
Steuben,New York,48
Stevens,Kansas,2
Stevens,Minnesota,2
Stevens,Washington,52
Stewart,Georgia,9
Stewart,Tennessee,12
Stillwater,Montana,4
Stoddard,Missouri,20
Stokes,North Carolina,62
Stone,Arkansas,16
Stone,Mississippi,13
Stone,Missouri,25
Stonewall,Texas,4
Storey,Nevada,9
Story,Iowa,23
Strafford,New Hampshire,58
Stutsman,North Dakota,10
Sublette,Wyoming,18
Suffolk,Massachusetts,2673
Suffolk,New York,1057
Suffolk,North Carolina,1
Suffolk,Virginia,222
Sullivan,Indiana,21
Sullivan,Missouri,1
Sullivan,New Hampshire,23
Sullivan,New York,107
Sullivan,Pennsylvania,7
Sullivan,Tennessee,202
Sully,South Dakota,1
Summers,West Virginia,26
Summit,Colorado,21
Summit,Ohio,806
Summit,Utah,20
Sumner,Kansas,24
Sumner,Tennessee,108
Sumter,Alabama,43
Sumter,Florida,69
Sumter,Georgia,67
Sumter,South Carolina,363
Sunflower,Mississippi,76
Surry,North Carolina,110
Surry,Virginia,13
Susquehanna,Pennsylvania,40
Sussex,Delaware,184
Sussex,New Jersey,54
Sussex,Virginia,30
Sutter,California,156
Sutton,Texas,9
Suwannee,Florida,53
Swain,North Carolina,15
Sweet Grass,Montana,2
Sweetwater,Wyoming,76
Swift,Minnesota,3
Swisher,Texas,18
Switzerland,Indiana,3
Talbot,Georgia,13
Talbot,Maryland,52
Taliaferro,Georgia,7
Talladega,Alabama,111
Tallahatchie,Mississippi,4
Tallapoosa,Alabama,112
Tama,Iowa,7
Taney,Missouri,40
Tangipahoa,Louisiana,253
Taos,New Mexico,33
Tarrant,Texas,4350
Tate,Mississippi,13
Tattnall,Georgia,28
Taylor,Florida,60
Taylor,Georgia,25
Taylor,Iowa,3
Taylor,Kentucky,25
Taylor,Texas,252
Taylor,West Virginia,12
Taylor,Wisconsin,14
Tazewell,Illinois,25
Tazewell,Virginia,72
Tehama,California,105
Telfair,Georgia,20
Teller,Colorado,31
Tensas,Louisiana,15
Terrebonne,Louisiana,254
Terrell,Georgia,34
Terrell,Texas,3
Terry,Texas,30
Teton,Idaho,2
Teton,Montana,2
Teton,Wyoming,11
Texas,Missouri,20
Texas,Oklahoma,27
Thayer,Nebraska,3
Thomas,Georgia,96
Thomas,Kansas,5
Throckmorton,Texas,7
Thurston,Nebraska,1
Thurston,Washington,156
Tift,Georgia,122
Tillamook,Oregon,30
Tillman,Oklahoma,29
Tioga,New York,25
Tioga,Pennsylvania,31
Tippah,Mississippi,21
Tippecanoe,Indiana,89
Tipton,Indiana,10
Tipton,Tennessee,55
Tishomingo,Mississippi,17
Titus,Texas,75
Todd,Kentucky,10
Todd,Minnesota,20
Tolland,Connecticut,21
Tom Green,Texas,187
Tompkins,New York,56
Tooele,Utah,45
Toole,Montana,2
Toombs,Georgia,89
Torrance,New Mexico,13
Towner,North Dakota,1
Towns,Georgia,6
Traill,North Dakota,2
Transylvania,North Carolina,32
Traverse,Minnesota,2
Travis,Texas,1511
Treasure,Montana,1
Trego,Kansas,2
Trempealeau,Wisconsin,10
Treutlen,Georgia,13
Trigg,Kentucky,9
Trimble,Kentucky,2
Trinity,California,44
Trinity,Texas,41
Tripp,South Dakota,1
Troup,Georgia,154
Trousdale,Tennessee,13
Trumbull,Ohio,214
Tucker,West Virginia,9
Tulare,California,1201
Tulsa,Oklahoma,1900
Tunica,Mississippi,30
Tuolumne,California,55
Turner,Georgia,13
Turner,South Dakota,1
Tuscaloosa,Alabama,332
Tuscarawas,Ohio,31
Tuscola,Michigan,30
Twiggs,Georgia,8
Twin Falls,Idaho,64
Tyler,Texas,43
Tyler,West Virginia,7
Tyrrell,North Carolina,14
Uinta,Wyoming,28
Uintah,Utah,34
Ulster,New York,156
Umatilla,Oregon,95
Unicoi,Tennessee,13
Union,Arkansas,144
Union,Florida,20
Union,Georgia,10
Union,Illinois,10
Union,Indiana,3
Union,Iowa,4
Union,Kentucky,10
Union,Louisiana,46
Union,Mississippi,20
Union,New Jersey,841
Union,New Mexico,8
Union,North Carolina,201
Union,Ohio,8
Union,Oregon,33
Union,Pennsylvania,14
Union,South Carolina,78
Union,South Dakota,7
Union,Tennessee,17
Upshur,Texas,78
Upshur,West Virginia,20
Upson,Georgia,50
Upton,Texas,12
Utah,Utah,154
Uvalde,Texas,58
Val Verde,Texas,59
Valencia,New Mexico,97
Valley,Idaho,7
Valley,Montana,3
Valley,Nebraska,2
Van Buren,Arkansas,17
Van Buren,Iowa,6
Van Buren,Michigan,130
Van Buren,Tennessee,15
Van Wert,Ohio,12
Van Zandt,Texas,86
Vance,North Carolina,195
Vanderburgh,Indiana,269
Venango,Pennsylvania,47
Ventura,California,1037
Vermilion,Illinois,34
Vermilion,Louisiana,73
Vermillion,Indiana,6
Vernon,Louisiana,102
Vernon,Missouri,35
Vernon,Wisconsin,22
Victoria,Texas,217
Vigo,Indiana,111
Vilas,Wisconsin,18
Vinton,Ohio,17
Virginia Beach,Virginia,634
Volusia,Florida,735
Wabash,Illinois,5
Wabash,Indiana,18
Wabasha,Minnesota,3
Wabaunsee,Kansas,3
Wadena,Minnesota,7
Wagoner,Oklahoma,81
Wahkiakum,Washington,5
Wake,North Carolina,964
Wakulla,Florida,35
Waldo,Maine,31
Walker,Alabama,64
Walker,Georgia,62
Walker,Texas,110
Walla Walla,Washington,46
Waller,Texas,90
Wallowa,Oregon,5
Walsh,North Dakota,5
Walthall,Mississippi,16
Walton,Florida,66
Walton,Georgia,88
Walworth,South Dakota,5
Walworth,Wisconsin,57
Wapello,Iowa,26
Ward,North Dakota,34
Ward,Texas,30
Ware,Georgia,103
Warren,Georgia,4
Warren,Illinois,7
Warren,Iowa,19
Warren,Kentucky,148
Warren,Mississippi,218
Warren,Missouri,23
Warren,New Jersey,58
Warren,New York,26
Warren,North Carolina,36
Warren,Ohio,52
Warren,Pennsylvania,31
Warren,Tennessee,58
Warren,Virginia,36
Warrick,Indiana,23
Wasatch,Utah,10
Wasco,Oregon,42
Waseca,Minnesota,9
Washakie,Wyoming,9
Washburn,Wisconsin,13
Washington,Alabama,12
Washington,Arkansas,171
Washington,Colorado,4
Washington,Florida,36
Washington,Georgia,46
Washington,Idaho,8
Washington,Illinois,1
Washington,Indiana,17
Washington,Iowa,7
Washington,Kansas,2
Washington,Kentucky,12
Washington,Louisiana,159
Washington,Maine,28
Washington,Maryland,146
Washington,Minnesota,56
Washington,Mississippi,431
Washington,Missouri,18
Washington,Nebraska,5
Washington,New York,42
Washington,North Carolina,31
Washington,Ohio,30
Washington,Oklahoma,60
Washington,Oregon,256
Washington,Pennsylvania,184
Washington,Rhodes Island,49
Washington,Tennessee,161
Washington,Texas,55
Washington,Utah,46
Washington,Vermont,123
Washington,Virginia,66
Washington,Wisconsin,40
Washita,Oklahoma,13
Washoe,Nevada,671
Washtenaw,Michigan,367
Watauga,North Carolina,39
Watonwan,Minnesota,6
Waukesha,Wisconsin,86
Waupaca,Wisconsin,21
Waushara,Wisconsin,9
Wayne,Georgia,31
Wayne,Illinois,2
Wayne,Indiana,82
Wayne,Iowa,4
Wayne,Kentucky,30
Wayne,Michigan,19038
Wayne,Mississippi,45
Wayne,Missouri,19
Wayne,Nebraska,1
Wayne,New York,54
Wayne,North Carolina,393
Wayne,Ohio,45
Wayne,Pennsylvania,56
Wayne,Tennessee,18
Wayne,Utah,1
Wayne,West Virginia,85
Waynesboro,Virginia,33
Weakley,Tennessee,41
Webb,Texas,533
Weber,Utah,221
Webster,Georgia,1
Webster,Iowa,32
Webster,Kentucky,8
Webster,Louisiana,125
Webster,Mississippi,7
Webster,Missouri,14
Webster,Nebraska,1
Webster,West Virginia,28
Weld,Colorado,234
Wells,Indiana,12
Wells,North Dakota,2
West Baton Rouge,Louisiana,66
West Carroll,Louisiana,11
West Feliciana,Louisiana,16
Westchester,New York,1005
Westmoreland,Pennsylvania,263
Westmoreland,Virginia,43
Weston,Wyoming,7
Wetzel,West Virginia,15
Wexford,Michigan,29
Wharton,Texas,100
Whatcom,Washington,132
Wheatland,Montana,1
Wheeler,Georgia,9
Wheeler,Oregon,2
Wheeler,Texas,11
White,Arkansas,97
White,Georgia,25
White,Illinois,4
White,Indiana,15
White,Tennessee,32
White Pine,Nevada,26
Whiteside,Illinois,12
Whitfield,Georgia,120
Whitley,Indiana,8
Whitley,Kentucky,66
Whitman,Washington,15
Wichita,Kansas,6
Wichita,Texas,370
Wicomico,Maryland,185
Wilbarger,Texas,31
Wilcox,Alabama,43
Wilcox,Georgia,14
Wilkes,Georgia,25
Wilkes,North Carolina,121
Wilkin,Minnesota,3
Wilkinson,Georgia,19
Will,Illinois,316
Willacy,Texas,40
Williams,North Dakota,17
Williams,Ohio,11
Williamsburg,South Carolina,147
Williamsburg,Virginia,18
Williamson,Illinois,21
Williamson,Tennessee,70
Williamson,Texas,153
Wilson,Kansas,8
Wilson,North Carolina,270
Wilson,Tennessee,52
Wilson,Texas,50
Winchester,Virginia,24
Windham,Connecticut,20
Windham,Vermont,20
Windsor,Vermont,21
Winkler,Texas,16
Winn,Louisiana,18
Winnebago,Illinois,419
Winnebago,Iowa,1
Winnebago,Wisconsin,57
Winneshiek,Iowa,2
Winona,Minnesota,18
Winston,Alabama,12
Winston,Mississippi,23
Wirt,West Virginia,4
Wise,Texas,34
Wise,Virginia,66
Wolfe,Kentucky,15
Wood,Ohio,42
Wood,Texas,75
Wood,West Virginia,78
Wood,Wisconsin,19
Woodbury,Iowa,94
Woodford,Illinois,3
Woodford,Kentucky,18
Woodruff,Arkansas,14
Woods,Oklahoma,4
Woodson,Kansas,4
Woodward,Oklahoma,25
Worcester,Maryland,85
Worcester,Massachusetts,468
Worth,Georgia,31
Worth,Iowa,3
Wrangell-Petersburg,Alaska,8
Wright,Iowa,3
Wright,Minnesota,18
Wright,Missouri,7
Wyandot,Ohio,12
Wyandotte,Kansas,688
Wyoming,New York,27
Wyoming,Pennsylvania,26
Wyoming,West Virginia,49
Wythe,Virginia,32
Yadkin,North Carolina,41
Yakima,Washington,528
Yalobusha,Mississippi,26
Yamhill,Oregon,70
Yancey,North Carolina,10
Yankton,South Dakota,12
Yates,New York,6
Yavapai,Arizona,240
Yazoo,Mississippi,39
Yell,Arkansas,34
Yellow Medicine,Minnesota,4
Yellowstone,Montana,123
Yoakum,Texas,8
Yolo,California,248
York,Maine,111
York,Nebraska,6
York,Pennsylvania,408
York,South Carolina,348
York,Virginia,52
Young,Texas,26
Yuba,California,154
Yukon-Koyukuk,Alaska,1
Yuma,Arizona,208
Yuma,Colorado,5
Zapata,Texas,17
Zavala,Texas,38
